Fib,StateCode,Lat,Lang,Cases
1001,Alabama,32.54,-86.64,5
1003,Alabama,30.73,-87.72,15
2070,Alaska,59.80,-158.24,0
2068,Alaska,63.67,-150.01,0
2060,Alaska,58.75,-156.70,0
2050,Alaska,60.91,-159.86,3
2020,Alaska,61.15,-149.14,9
2016,Alaska,52.32,-174.16,0
2013,Alaska,55.32,-161.97,0
1133,Alabama,34.15,-87.37,1
1131,Alabama,31.99,-87.31,0
1129,Alabama,31.41,-88.21,1
1127,Alabama,33.80,-87.30,3
1125,Alabama,33.29,-87.53,12
1123,Alabama,32.87,-85.80,2
1121,Alabama,33.38,-86.17,5
1119,Alabama,32.59,-88.20,0
1117,Alabama,33.27,-86.66,16
1115,Alabama,33.72,-86.31,6
1113,Alabama,32.29,-85.18,3
1111,Alabama,33.30,-85.46,0
1109,Alabama,31.80,-85.94,2
1107,Alabama,33.28,-88.09,1
2090,Alaska,64.81,-146.57,3
1105,Alabama,32.64,-87.30,0
2100,Alaska,59.10,-135.47,0
2110,Alaska,58.45,-134.20,0
4005,Arizona,35.84,-111.77,15
4003,Arizona,31.88,-109.75,11
4001,Arizona,35.39,-109.49,6
2290,Alaska,65.51,-151.39,0
2282,Alaska,59.89,-140.36,0
2275,Alaska,56.32,-132.06,0
2261,Alaska,61.48,-144.71,0
2240,Alaska,63.88,-143.21,0
2230,Alaska,59.56,-135.33,0
2220,Alaska,57.24,-135.32,0
2198,Alaska,55.76,-133.05,0
2195,Alaska,57.14,-132.95,0
2188,Alaska,67.05,-159.75,0
2185,Alaska,69.31,-153.48,0
2180,Alaska,64.90,-164.04,0
2170,Alaska,62.31,-149.57,4
2164,Alaska,58.62,-156.21,0
2158,Alaska,62.15,-163.40,1
2150,Alaska,57.66,-153.75,0
2130,Alaska,55.57,-130.98,0
2122,Alaska,60.24,-151.54,1
2105,Alaska,58.29,-135.64,0
1103,Alabama,34.46,-86.85,8
1101,Alabama,32.22,-86.21,16
1099,Alabama,31.57,-87.37,1
1045,Alabama,31.43,-85.61,3
1043,Alabama,34.13,-86.87,5
1041,Alabama,31.73,-86.32,1
1039,Alabama,31.25,-86.45,2
1037,Alabama,32.94,-86.25,0
1035,Alabama,31.43,-86.99,0
1033,Alabama,34.70,-87.80,3
1031,Alabama,31.40,-85.99,4
1029,Alabama,33.68,-85.52,0
1027,Alabama,33.27,-85.86,0
1025,Alabama,31.68,-87.84,2
1023,Alabama,32.02,-88.27,0
1021,Alabama,32.85,-86.72,2
1019,Alabama,34.18,-85.61,1
1017,Alabama,32.91,-85.39,3
1015,Alabama,33.77,-85.83,9
1013,Alabama,31.75,-86.68,1
1011,Alabama,32.10,-85.71,0
1009,Alabama,33.98,-86.57,3
1007,Alabama,33.00,-87.13,1
1005,Alabama,31.87,-85.39,1
1047,Alabama,32.33,-87.11,1
1049,Alabama,34.46,-85.81,4
1051,Alabama,32.60,-86.14,7
1053,Alabama,31.13,-87.16,3
1097,Alabama,30.78,-88.21,25
1095,Alabama,34.37,-86.30,5
1093,Alabama,34.14,-87.89,2
1091,Alabama,32.25,-87.79,1
1089,Alabama,34.76,-86.55,26
1087,Alabama,32.39,-85.69,0
1085,Alabama,32.16,-86.65,0
1083,Alabama,34.81,-86.98,6
1081,Alabama,32.60,-85.35,12
1079,Alabama,34.52,-87.31,2
4007,Arizona,33.80,-110.81,4
1077,Alabama,34.90,-87.66,6
1073,Alabama,33.56,-86.90,54
1071,Alabama,34.78,-86.00,3
1069,Alabama,31.15,-85.30,7
1067,Alabama,31.51,-85.24,1
1065,Alabama,32.76,-87.63,1
1063,Alabama,32.86,-87.96,0
1061,Alabama,31.09,-85.84,1
1059,Alabama,34.44,-87.84,2
1057,Alabama,33.72,-87.74,1
1055,Alabama,34.05,-86.04,9
1075,Alabama,33.78,-88.10,0
4009,Arizona,32.93,-109.89,6
6029,California,35.34,-118.73,93
5035,Arkansas,35.21,-90.31,4
5037,Arkansas,35.30,-90.77,1
5039,Arkansas,33.97,-92.65,0
5041,Arkansas,33.83,-91.26,0
5043,Arkansas,33.59,-91.72,1
5045,Arkansas,35.15,-92.34,11
5047,Arkansas,35.51,-93.89,1
5049,Arkansas,36.38,-91.82,0
5051,Arkansas,34.58,-93.15,9
5053,Arkansas,34.29,-92.42,1
5055,Arkansas,36.12,-90.56,3
5057,Arkansas,33.73,-93.67,1
5059,Arkansas,34.32,-92.95,2
5061,Arkansas,34.09,-93.99,0
5063,Arkansas,35.74,-91.57,2
5065,Arkansas,36.10,-91.91,0
5067,Arkansas,35.60,-91.21,0
5069,Arkansas,34.27,-91.93,4
5071,Arkansas,35.57,-93.46,2
5073,Arkansas,33.24,-93.61,0
5075,Arkansas,36.04,-91.11,1
5033,Arkansas,35.59,-94.24,6
5077,Arkansas,34.78,-90.78,1
5031,Arkansas,35.83,-90.63,8
5027,Arkansas,33.21,-93.23,1
4013,Arizona,33.35,-112.49,559
4015,Arizona,35.70,-113.76,22
4017,Arizona,35.40,-110.32,11
4019,Arizona,32.10,-111.79,117
4021,Arizona,32.91,-111.34,51
4023,Arizona,31.53,-110.85,5
4025,Arizona,34.60,-112.55,19
4027,Arizona,32.77,-113.91,31
5001,Arkansas,34.29,-91.37,1
5003,Arkansas,33.19,-91.77,1
5005,Arkansas,36.29,-92.34,2
5007,Arkansas,36.34,-94.26,28
5009,Arkansas,36.31,-93.09,2
5011,Arkansas,33.47,-92.16,1
5013,Arkansas,33.56,-92.50,0
5015,Arkansas,36.34,-93.54,1
5017,Arkansas,33.26,-91.30,0
5019,Arkansas,34.05,-93.17,1
5021,Arkansas,36.37,-90.41,0
5023,Arkansas,35.54,-92.03,2
5025,Arkansas,33.90,-92.19,0
5029,Arkansas,35.26,-92.71,2
5079,Arkansas,33.95,-91.74,0
5081,Arkansas,33.70,-94.23,0
5083,Arkansas,35.21,-93.72,2
5137,Arkansas,35.86,-92.16,0
5139,Arkansas,33.17,-92.60,3
5141,Arkansas,35.58,-92.51,1
5143,Arkansas,35.98,-94.22,24
5145,Arkansas,35.26,-91.75,6
5147,Arkansas,35.19,-91.24,0
5149,Arkansas,35.00,-93.41,2
6001,California,37.65,-121.89,86
6003,California,38.60,-119.82,0
6005,California,38.45,-120.66,2
6007,California,39.67,-121.60,10
6009,California,38.21,-120.55,2
6011,California,39.18,-122.23,2
6013,California,37.92,-121.93,64
6015,California,41.74,-123.90,0
6017,California,38.78,-120.52,11
6019,California,36.76,-119.65,90
6021,California,39.60,-122.39,2
6023,California,40.70,-123.88,3
6025,California,33.04,-115.37,15
6027,California,36.51,-117.41,1
5135,Arkansas,36.16,-91.48,1
5133,Arkansas,34.00,-94.24,1
5131,Arkansas,35.20,-94.27,15
5129,Arkansas,35.91,-92.70,0
5085,Arkansas,34.75,-91.89,6
5087,Arkansas,36.01,-93.73,1
5089,Arkansas,36.27,-92.68,0
5091,Arkansas,33.31,-93.89,2
5093,Arkansas,35.76,-90.05,2
5095,Arkansas,34.68,-91.21,0
5097,Arkansas,34.54,-93.66,0
5099,Arkansas,33.66,-93.31,0
5101,Arkansas,35.92,-93.22,0
5103,Arkansas,33.59,-92.88,2
4012,Arizona,33.73,-113.98,3
5105,Arkansas,34.95,-92.94,0
5109,Arkansas,34.16,-93.66,0
5111,Arkansas,35.57,-90.66,1
5113,Arkansas,34.48,-94.23,1
5115,Arkansas,35.45,-93.03,6
5117,Arkansas,34.84,-91.55,0
5119,Arkansas,34.77,-92.31,32
5121,Arkansas,36.34,-91.02,1
5123,Arkansas,35.02,-90.75,2
5125,Arkansas,34.65,-92.68,10
5127,Arkansas,34.86,-94.06,1
5107,Arkansas,34.43,-90.85,1
4011,Arizona,33.21,-109.24,0
8111,Colorado,37.76,-107.68,0
6085,California,37.23,-121.70,127
6087,California,37.06,-122.01,18
6089,California,40.76,-122.04,8
6091,California,39.58,-120.52,0
6093,California,41.59,-122.54,1
6095,California,38.27,-121.94,34
6097,California,38.53,-122.89,26
6099,California,37.56,-121.00,50
6101,California,39.03,-121.69,6
6103,California,40.13,-122.24,5
6105,California,40.65,-123.11,0
6107,California,36.22,-118.80,44
6109,California,38.03,-119.95,2
6111,California,34.44,-119.09,118
6113,California,38.68,-121.90,12
6115,California,39.26,-121.35,5
8001,Colorado,39.87,-104.34,22
8003,Colorado,37.57,-105.79,0
8005,Colorado,39.65,-104.34,26
8007,Colorado,37.19,-107.05,0
8009,Colorado,37.32,-102.56,0
6083,California,34.65,-120.02,40
8011,Colorado,37.95,-103.07,1
6081,California,37.42,-122.33,42
6077,California,37.93,-121.27,67
6035,California,40.67,-120.59,2
6037,California,34.31,-118.23,1360
6039,California,37.22,-119.77,15
6041,California,38.07,-122.72,9
6043,California,37.58,-119.91,0
6045,California,39.44,-123.39,3
6047,California,37.19,-120.72,26
6049,California,41.59,-120.72,0
6051,California,37.94,-118.89,1
6053,California,36.22,-121.24,43
6055,California,38.51,-122.33,9
6057,California,39.30,-120.76,3
6059,California,33.70,-117.76,266
6061,California,39.06,-120.72,19
6063,California,40.00,-120.84,0
6065,California,33.74,-115.99,358
6067,California,38.45,-121.34,79
6069,California,36.60,-121.07,6
6071,California,34.84,-116.18,318
6073,California,33.03,-116.74,320
6075,California,37.75,-122.44,31
6079,California,35.39,-120.40,28
8013,Colorado,40.09,-105.35,9
8014,Colorado,39.96,-105.06,2
8015,Colorado,38.75,-106.19,1
8069,Colorado,40.67,-105.46,10
8071,Colorado,37.32,-104.04,1
8073,Colorado,38.99,-103.51,1
8075,Colorado,40.72,-103.11,1
8077,Colorado,39.02,-108.47,10
8079,Colorado,37.67,-106.93,0
8081,Colorado,40.62,-108.21,0
8083,Colorado,37.34,-108.60,1
8085,Colorado,38.40,-108.26,3
8087,Colorado,40.26,-103.81,0
8089,Colorado,37.90,-103.72,0
8091,Colorado,38.15,-107.77,0
8093,Colorado,39.12,-105.72,0
8095,Colorado,40.59,-102.36,0
8097,Colorado,39.22,-106.93,3
8099,Colorado,37.96,-102.39,0
8101,Colorado,38.17,-104.51,4
8103,Colorado,39.98,-108.22,0
8105,Colorado,37.58,-106.38,0
8107,Colorado,40.49,-106.99,1
8109,Colorado,38.08,-106.28,0
8067,Colorado,37.29,-107.84,1
8065,Colorado,39.20,-106.36,0
8063,Colorado,39.30,-102.60,0
8061,Colorado,38.43,-102.74,0
8017,Colorado,38.83,-102.60,0
8019,Colorado,39.69,-105.65,0
8021,Colorado,37.20,-106.19,0
8023,Colorado,37.28,-105.43,0
8025,Colorado,38.33,-103.78,0
8027,Colorado,38.11,-105.37,0
8029,Colorado,38.86,-107.86,2
8031,Colorado,39.76,-104.87,31
8033,Colorado,37.75,-108.52,0
8035,Colorado,39.33,-104.93,11
6033,California,39.10,-122.75,3
8037,Colorado,39.63,-106.69,3
8041,Colorado,38.83,-104.53,25
8043,Colorado,38.47,-105.44,1
8045,Colorado,39.60,-107.90,3
8047,Colorado,39.86,-105.53,0
8049,Colorado,40.11,-106.12,0
8051,Colorado,38.67,-107.03,1
8053,Colorado,37.82,-107.30,0
8055,Colorado,37.68,-104.96,0
8057,Colorado,40.67,-106.34,0
8059,Colorado,39.59,-105.25,18
8039,Colorado,39.29,-104.14,0
6031,California,36.07,-119.82,17
13027,Georgia,30.84,-83.58,0
12017,Florida,28.85,-82.48,6
12019,Florida,29.98,-81.86,15
12021,Florida,26.11,-81.35,18
12023,Florida,30.23,-82.62,4
12027,Florida,27.19,-81.81,1
12029,Florida,29.61,-83.16,1
12031,Florida,30.33,-81.67,75
12033,Florida,30.68,-87.37,28
12035,Florida,29.46,-81.32,5
12037,Florida,29.84,-84.83,1
12039,Florida,30.58,-84.62,4
12041,Florida,29.73,-82.80,0
12043,Florida,26.96,-81.19,0
12045,Florida,29.94,-85.24,1
12047,Florida,30.50,-82.95,0
12049,Florida,27.49,-81.81,1
12051,Florida,26.55,-81.16,2
12053,Florida,28.55,-82.43,9
12055,Florida,27.34,-81.34,5
12057,Florida,27.93,-82.32,86
12059,Florida,30.87,-85.81,1
12015,Florida,26.90,-81.93,8
12061,Florida,27.69,-80.61,10
12013,Florida,30.41,-85.19,1
12009,Florida,28.29,-80.73,29
8117,Colorado,39.64,-106.12,1
8119,Colorado,38.88,-105.16,0
8121,Colorado,39.97,-103.20,0
8123,Colorado,40.55,-104.39,14
8125,Colorado,40.00,-102.43,0
9001,Connecticut,41.27,-73.39,60
9003,Connecticut,41.80,-72.73,63
9005,Connecticut,41.79,-73.25,9
9007,Connecticut,41.46,-72.54,10
9009,Connecticut,41.41,-72.94,60
9011,Connecticut,41.49,-72.10,23
9013,Connecticut,41.86,-72.33,7
9015,Connecticut,41.83,-71.98,11
10001,Delaware,39.09,-75.57,12
10003,Delaware,39.58,-75.64,39
10005,Delaware,38.66,-75.39,20
11001,District of Columbia,38.90,-77.02,27
12001,Florida,29.68,-82.36,16
12003,Florida,30.33,-82.28,2
12005,Florida,30.27,-85.62,12
12007,Florida,29.95,-82.17,1
12011,Florida,26.15,-80.49,122
12063,Florida,30.80,-85.22,3
12065,Florida,30.44,-83.89,1
12067,Florida,29.98,-83.18,1
12119,Florida,28.70,-82.08,7
12121,Florida,30.20,-82.99,3
12123,Florida,30.05,-83.60,1
12125,Florida,30.04,-82.37,0
12127,Florida,29.06,-81.18,29
12129,Florida,30.17,-84.40,3
12131,Florida,30.64,-86.17,5
12133,Florida,30.61,-85.66,1
13001,Georgia,31.75,-82.29,1
13003,Georgia,31.30,-82.88,0
13005,Georgia,31.55,-82.46,1
13007,Georgia,31.33,-84.44,0
13009,Georgia,33.07,-83.25,2
13011,Georgia,34.36,-83.50,1
13013,Georgia,33.99,-83.71,9
13015,Georgia,34.24,-84.84,11
13017,Georgia,31.76,-83.22,1
13019,Georgia,31.28,-83.23,1
13021,Georgia,32.81,-83.70,11
13023,Georgia,32.44,-83.33,1
13025,Georgia,31.20,-81.98,1
12117,Florida,28.72,-81.24,21
12115,Florida,27.19,-82.33,22
12113,Florida,30.69,-87.02,14
12111,Florida,27.38,-80.47,19
12069,Florida,28.76,-81.71,22
12071,Florida,26.58,-81.88,43
12073,Florida,30.46,-84.27,23
12075,Florida,29.32,-82.74,2
12077,Florida,30.24,-84.88,0
12079,Florida,30.44,-83.47,0
12081,Florida,27.47,-82.32,21
12083,Florida,29.21,-82.06,24
12085,Florida,27.08,-80.43,6
12086,Florida,25.61,-80.55,261
8115,Colorado,40.88,-102.35,0
12087,Florida,25.21,-81.08,4
12091,Florida,30.69,-86.59,13
12093,Florida,27.39,-80.89,3
12095,Florida,28.51,-81.32,96
12097,Florida,28.06,-81.15,29
12099,Florida,26.65,-80.47,83
12101,Florida,28.31,-82.40,27
12103,Florida,27.93,-82.72,52
12105,Florida,27.95,-81.70,46
12107,Florida,29.61,-81.74,5
12109,Florida,29.90,-81.44,19
12089,Florida,30.61,-81.80,8
8113,Colorado,38.00,-108.40,0
13231,Georgia,33.09,-84.39,1
13085,Georgia,34.44,-84.17,2
13087,Georgia,30.88,-84.58,4
13089,Georgia,33.77,-84.22,46
13091,Georgia,32.17,-83.17,2
13093,Georgia,32.16,-83.80,0
13095,Georgia,31.53,-84.22,6
13097,Georgia,33.70,-84.77,11
13099,Georgia,31.32,-84.90,0
13101,Georgia,30.71,-82.90,0
13103,Georgia,32.37,-81.34,2
13105,Georgia,34.11,-82.84,1
13107,Georgia,32.59,-82.30,1
13109,Georgia,32.15,-81.89,0
13111,Georgia,34.86,-84.32,2
13113,Georgia,33.41,-84.49,6
13115,Georgia,34.26,-85.22,7
13117,Georgia,34.23,-84.12,20
13119,Georgia,34.38,-83.23,1
13121,Georgia,33.79,-84.46,73
13123,Georgia,34.69,-84.46,2
13125,Georgia,33.23,-82.61,0
13083,Georgia,34.85,-85.50,1
13127,Georgia,31.23,-81.54,4
13081,Georgia,31.92,-83.77,1
13077,Georgia,33.35,-84.76,10
13033,Georgia,33.06,-82.00,2
13035,Georgia,33.28,-83.95,2
13037,Georgia,31.53,-84.63,0
13039,Georgia,30.93,-81.67,2
13043,Georgia,32.40,-82.08,0
13045,Georgia,33.58,-85.08,6
13047,Georgia,34.90,-85.14,5
13049,Georgia,30.78,-82.14,0
13051,Georgia,32.00,-81.12,15
13053,Georgia,32.34,-84.79,0
13055,Georgia,34.47,-85.35,2
13057,Georgia,34.24,-84.47,28
13059,Georgia,33.95,-83.37,10
13061,Georgia,31.62,-84.98,0
13063,Georgia,33.54,-84.36,17
13065,Georgia,30.91,-82.70,0
13067,Georgia,33.94,-84.58,66
13069,Georgia,31.55,-82.85,3
13071,Georgia,31.19,-83.77,2
13073,Georgia,33.55,-82.26,15
13075,Georgia,31.16,-83.43,1
13079,Georgia,32.71,-83.98,0
13129,Georgia,34.50,-84.87,4
13131,Georgia,30.87,-84.23,2
13133,Georgia,33.58,-83.17,1
13187,Georgia,34.57,-84.00,2
13189,Georgia,33.48,-82.48,2
13191,Georgia,31.50,-81.40,0
13193,Georgia,32.35,-84.04,0
13195,Georgia,34.13,-83.21,3
13197,Georgia,32.35,-84.53,0
13199,Georgia,33.04,-84.69,1
13201,Georgia,31.17,-84.73,0
13205,Georgia,31.22,-84.19,1
13207,Georgia,33.01,-83.92,1
13209,Georgia,32.17,-82.54,0
13211,Georgia,33.59,-83.49,1
13213,Georgia,34.79,-84.75,3
13215,Georgia,32.51,-84.87,12
13217,Georgia,33.56,-83.85,8
13219,Georgia,33.84,-83.44,3
13221,Georgia,33.88,-83.08,1
13223,Georgia,33.92,-84.87,14
13225,Georgia,32.57,-83.83,2
13227,Georgia,34.47,-84.46,3
13229,Georgia,31.36,-82.22,2
13185,Georgia,30.84,-83.27,6
13183,Georgia,31.75,-81.75,0
13181,Georgia,33.79,-82.45,0
13179,Georgia,31.83,-81.49,2
13135,Georgia,33.96,-84.02,88
13137,Georgia,34.63,-83.53,3
13139,Georgia,34.32,-83.82,20
13141,Georgia,33.27,-83.00,0
13143,Georgia,33.80,-85.21,1
13145,Georgia,32.74,-84.91,2
13147,Georgia,34.35,-82.97,2
13149,Georgia,33.30,-85.13,0
13151,Georgia,33.45,-84.15,19
13153,Georgia,32.46,-83.67,15
13031,Georgia,32.40,-81.75,4
13155,Georgia,31.60,-83.28,0
13159,Georgia,33.32,-83.69,1
13161,Georgia,31.80,-82.64,1
13163,Georgia,33.06,-82.42,1
13165,Georgia,32.79,-81.96,0
13167,Georgia,32.70,-82.66,1
13169,Georgia,33.03,-83.56,1
13171,Georgia,33.08,-84.14,2
13173,Georgia,31.04,-83.06,0
13175,Georgia,32.46,-82.92,4
13177,Georgia,31.78,-84.14,2
13157,Georgia,34.14,-83.57,9
13029,Georgia,32.01,-81.44,2
17011,Illinois,41.40,-89.53,1
13287,Georgia,31.72,-83.62,0
13289,Georgia,32.67,-83.43,0
13291,Georgia,34.83,-83.99,7
13293,Georgia,32.88,-84.30,3
13295,Georgia,34.73,-85.30,5
13297,Georgia,33.78,-83.74,10
13299,Georgia,31.05,-82.42,3
13301,Georgia,33.41,-82.68,0
13303,Georgia,32.97,-82.79,1
13305,Georgia,31.55,-81.92,3
13307,Georgia,32.04,-84.55,0
13309,Georgia,32.12,-82.73,0
13311,Georgia,34.65,-83.75,2
13313,Georgia,34.81,-84.96,12
13315,Georgia,31.97,-83.43,0
13317,Georgia,33.78,-82.74,1
13319,Georgia,32.80,-83.17,0
13321,Georgia,31.55,-83.85,1
15001,Hawaii,19.60,-155.52,1
15003,Hawaii,21.46,-157.97,11
15005,Hawaii,21.18,-156.96,0
13285,Georgia,33.03,-85.03,5
15007,Hawaii,22.04,-159.60,0
13283,Georgia,32.40,-82.57,1
13279,Georgia,32.12,-82.33,2
13237,Georgia,33.32,-83.38,1
13239,Georgia,31.87,-85.02,0
13241,Georgia,34.88,-83.40,1
13243,Georgia,31.77,-84.76,0
13245,Georgia,33.36,-82.07,20
13247,Georgia,33.65,-84.02,6
13249,Georgia,32.27,-84.31,0
13251,Georgia,32.75,-81.61,0
13253,Georgia,30.93,-84.87,0
13255,Georgia,33.26,-84.28,4
13257,Georgia,34.55,-83.29,1
13259,Georgia,32.08,-84.83,0
13261,Georgia,32.04,-84.20,1
13263,Georgia,32.70,-84.53,0
13265,Georgia,33.57,-82.88,0
13267,Georgia,32.05,-82.06,1
13269,Georgia,32.56,-84.25,0
13271,Georgia,31.93,-82.93,1
13273,Georgia,31.78,-84.44,0
13275,Georgia,30.86,-83.92,4
13277,Georgia,31.46,-83.52,3
13281,Georgia,34.91,-83.74,0
15009,Hawaii,20.86,-156.57,3
16001,Idaho,43.45,-116.24,24
16003,Idaho,44.89,-116.45,0
16057,Idaho,46.82,-116.71,1
16059,Idaho,44.94,-113.93,0
16061,Idaho,46.23,-116.43,0
16063,Idaho,43.00,-114.14,0
16065,Idaho,43.78,-111.65,2
16067,Idaho,42.86,-113.64,0
16069,Idaho,46.33,-116.75,1
16071,Idaho,42.19,-112.54,0
16073,Idaho,42.58,-116.17,0
16075,Idaho,44.01,-116.76,0
16077,Idaho,42.69,-112.84,0
16079,Idaho,47.35,-115.89,0
16081,Idaho,43.75,-111.21,0
16083,Idaho,42.35,-114.67,3
16085,Idaho,44.77,-115.57,0
16087,Idaho,44.45,-116.78,0
17001,Illinois,39.99,-91.19,4
17003,Illinois,37.18,-89.33,0
17005,Illinois,38.89,-89.44,0
17007,Illinois,42.32,-88.82,2
17009,Illinois,39.96,-90.75,0
16055,Idaho,47.67,-116.70,12
16053,Idaho,42.69,-114.27,0
16051,Idaho,43.82,-112.31,0
16049,Idaho,45.85,-115.46,0
16005,Idaho,42.67,-112.22,3
16007,Idaho,42.28,-111.33,0
16009,Idaho,47.22,-116.66,0
16011,Idaho,43.22,-112.40,1
16013,Idaho,43.41,-113.98,1
16015,Idaho,43.99,-115.73,0
16017,Idaho,48.30,-116.60,2
16019,Idaho,43.39,-111.62,4
16021,Idaho,48.77,-116.46,0
16023,Idaho,43.73,-113.17,0
13235,Georgia,32.23,-83.48,0
16025,Idaho,43.47,-114.81,0
16029,Idaho,42.77,-111.56,0
16031,Idaho,42.28,-113.60,0
16033,Idaho,44.28,-112.35,0
16035,Idaho,46.67,-115.66,0
16037,Idaho,44.24,-114.29,0
16039,Idaho,43.35,-115.47,0
16041,Idaho,42.18,-111.81,0
16043,Idaho,44.23,-111.48,0
16045,Idaho,44.06,-116.40,0
16047,Idaho,42.97,-114.81,0
16027,Idaho,43.62,-116.71,12
13233,Georgia,34.00,-85.19,5
18007,Indiana,40.61,-87.31,0
17067,Illinois,40.40,-91.16,0
17069,Illinois,37.52,-88.27,0
17071,Illinois,40.82,-90.92,0
17073,Illinois,41.35,-90.13,1
17075,Illinois,40.75,-87.82,1
17077,Illinois,37.79,-89.38,2
17079,Illinois,39.01,-88.15,0
17081,Illinois,38.30,-88.92,2
17083,Illinois,39.09,-90.35,1
17085,Illinois,42.37,-90.21,0
17087,Illinois,37.46,-88.88,1
17089,Illinois,41.94,-88.43,24
17091,Illinois,41.14,-87.86,4
17093,Illinois,41.59,-88.43,6
17095,Illinois,40.93,-90.21,2
17097,Illinois,42.32,-88.00,27
17099,Illinois,41.34,-88.89,5
17101,Illinois,38.72,-87.73,1
17103,Illinois,41.75,-89.30,1
17105,Illinois,40.89,-88.56,2
17107,Illinois,40.13,-89.37,2
17065,Illinois,38.08,-88.54,0
17109,Illinois,40.46,-90.68,0
17063,Illinois,41.29,-88.42,2
17059,Illinois,37.76,-88.23,0
17017,Illinois,39.97,-90.25,0
17019,Illinois,40.14,-88.20,9
17021,Illinois,39.55,-89.28,2
17023,Illinois,39.33,-87.79,1
17025,Illinois,38.75,-88.49,0
17027,Illinois,38.61,-89.42,3
17029,Illinois,39.52,-88.22,2
17031,Illinois,41.84,-87.82,223
17033,Illinois,39.00,-87.76,1
17035,Illinois,39.27,-88.24,0
17037,Illinois,41.89,-88.77,4
17039,Illinois,40.18,-88.91,1
17041,Illinois,39.77,-88.22,0
17043,Illinois,41.85,-88.09,39
17045,Illinois,39.68,-87.75,1
17047,Illinois,38.41,-88.06,0
17049,Illinois,39.06,-88.59,2
17051,Illinois,39.00,-89.02,1
17053,Illinois,40.60,-88.22,0
17055,Illinois,37.99,-88.93,2
17057,Illinois,40.47,-90.21,1
17061,Illinois,39.36,-90.39,0
17111,Illinois,42.32,-88.45,13
17113,Illinois,40.49,-88.85,8
17115,Illinois,39.86,-88.96,4
17169,Illinois,40.16,-90.61,0
17171,Illinois,39.64,-90.48,0
17173,Illinois,39.39,-88.81,0
17175,Illinois,41.09,-89.80,0
17177,Illinois,42.35,-89.66,1
17179,Illinois,40.51,-89.51,8
17181,Illinois,37.47,-89.26,1
17183,Illinois,40.18,-87.73,5
17185,Illinois,38.44,-87.85,0
17187,Illinois,40.85,-90.61,0
17189,Illinois,38.35,-89.41,1
17191,Illinois,38.43,-88.43,0
17193,Illinois,38.09,-88.18,1
17195,Illinois,41.76,-89.92,2
17197,Illinois,41.45,-87.98,32
17199,Illinois,37.73,-88.93,4
17201,Illinois,42.34,-89.16,12
17203,Illinois,40.79,-89.21,2
18001,Indiana,40.75,-84.94,1
18003,Indiana,41.09,-85.07,21
18005,Indiana,39.21,-85.90,4
17167,Illinois,39.76,-89.66,7
17165,Illinois,37.75,-88.54,1
17163,Illinois,38.47,-89.93,17
17161,Illinois,41.47,-90.57,4
17117,Illinois,39.26,-89.92,3
17119,Illinois,38.83,-89.90,18
17121,Illinois,38.65,-88.92,2
17123,Illinois,41.03,-89.35,0
17125,Illinois,40.24,-89.92,0
17127,Illinois,37.22,-88.71,0
17129,Illinois,40.03,-89.80,0
17131,Illinois,41.21,-90.74,0
17133,Illinois,38.28,-90.18,2
17135,Illinois,39.23,-89.48,4
17015,Illinois,42.07,-89.93,0
17137,Illinois,39.72,-90.20,1
17141,Illinois,42.04,-89.32,2
17143,Illinois,40.79,-89.76,9
17145,Illinois,38.09,-89.37,2
17147,Illinois,40.01,-88.59,0
17149,Illinois,39.62,-90.89,0
17151,Illinois,37.41,-88.56,0
17153,Illinois,37.23,-89.13,0
17155,Illinois,41.20,-89.29,0
17157,Illinois,38.05,-89.83,2
17159,Illinois,38.71,-88.08,1
17139,Illinois,39.64,-88.62,0
17013,Illinois,39.17,-90.66,0
19023,Iowa,42.73,-92.79,1
18063,Indiana,39.77,-86.51,13
18065,Indiana,39.93,-85.40,3
18067,Indiana,40.49,-86.11,7
18069,Indiana,40.83,-85.49,2
18071,Indiana,38.91,-86.04,2
18073,Indiana,41.02,-87.12,1
18075,Indiana,40.44,-85.01,0
18077,Indiana,38.79,-85.44,2
18079,Indiana,39.00,-85.63,1
18081,Indiana,39.49,-86.10,13
18083,Indiana,38.69,-87.42,2
18085,Indiana,41.25,-85.86,5
18087,Indiana,41.64,-85.43,1
18089,Indiana,41.42,-87.38,25
18091,Indiana,41.54,-86.74,6
18093,Indiana,38.84,-86.48,2
18095,Indiana,40.16,-85.72,9
18097,Indiana,39.78,-86.14,61
18099,Indiana,41.32,-86.26,2
18101,Indiana,38.71,-86.80,0
18103,Indiana,40.77,-86.05,2
18061,Indiana,38.19,-86.11,3
18105,Indiana,39.16,-86.52,6
18059,Indiana,39.82,-85.78,7
18055,Indiana,39.04,-86.96,2
18013,Indiana,39.20,-86.23,0
18015,Indiana,40.58,-86.56,1
18017,Indiana,40.76,-86.35,2
18019,Indiana,38.48,-85.71,10
18021,Indiana,39.40,-87.12,1
18023,Indiana,40.30,-86.47,2
18025,Indiana,38.29,-86.45,0
18027,Indiana,38.70,-87.07,1
18029,Indiana,39.15,-84.97,4
18031,Indiana,39.31,-85.50,1
18033,Indiana,41.40,-85.00,2
18035,Indiana,40.23,-85.40,6
18037,Indiana,38.37,-86.88,4
18039,Indiana,41.60,-85.86,8
18041,Indiana,39.64,-85.18,1
18043,Indiana,38.32,-85.90,5
18045,Indiana,40.12,-87.24,1
18047,Indiana,39.41,-85.06,1
18049,Indiana,41.05,-86.26,1
18051,Indiana,38.30,-87.58,3
18053,Indiana,40.52,-85.65,4
18057,Indiana,40.07,-86.05,24
18107,Indiana,40.04,-86.89,2
18109,Indiana,39.48,-86.45,5
18111,Indiana,40.96,-87.40,0
18165,Indiana,39.85,-87.46,1
18167,Indiana,39.43,-87.39,6
18169,Indiana,40.85,-85.79,1
18171,Indiana,40.35,-87.36,0
18173,Indiana,38.09,-87.27,6
18175,Indiana,38.60,-86.10,1
18177,Indiana,39.86,-85.01,4
18179,Indiana,40.73,-85.22,2
18181,Indiana,40.75,-86.86,1
18183,Indiana,41.14,-85.51,2
19001,Iowa,41.33,-94.47,0
19003,Iowa,41.03,-94.70,0
19005,Iowa,43.28,-91.38,0
19007,Iowa,40.74,-92.87,0
19009,Iowa,41.68,-94.91,0
19011,Iowa,42.08,-92.06,0
19013,Iowa,42.47,-92.31,5
19015,Iowa,42.04,-93.93,1
19017,Iowa,42.77,-92.32,1
19019,Iowa,42.47,-91.84,0
19021,Iowa,42.74,-95.15,2
18163,Indiana,38.03,-87.59,17
18161,Indiana,39.63,-84.92,0
18159,Indiana,40.31,-86.05,1
18157,Indiana,40.39,-86.89,13
18113,Indiana,41.40,-85.42,3
18115,Indiana,38.96,-84.97,0
18117,Indiana,38.54,-86.50,1
18119,Indiana,39.31,-86.84,1
18121,Indiana,39.77,-87.20,0
18123,Indiana,38.08,-86.64,1
18125,Indiana,38.40,-87.24,1
18127,Indiana,41.46,-87.07,9
18129,Indiana,38.02,-87.86,2
18131,Indiana,41.04,-86.70,0
18011,Indiana,40.05,-86.47,4
18133,Indiana,39.66,-86.85,2
18137,Indiana,39.10,-85.26,2
18139,Indiana,39.62,-85.47,1
18141,Indiana,41.62,-86.29,14
18143,Indiana,38.69,-85.75,1
18145,Indiana,39.52,-85.79,3
18147,Indiana,38.02,-87.01,1
18149,Indiana,41.28,-86.65,0
18151,Indiana,41.64,-85.00,2
18153,Indiana,39.09,-87.41,1
18155,Indiana,38.83,-85.03,0
18135,Indiana,40.16,-85.01,1
18009,Indiana,40.47,-85.32,1
20025,Kansas,37.24,-99.82,0
19079,Iowa,42.38,-93.70,0
19081,Iowa,43.08,-93.73,0
19083,Iowa,42.38,-93.24,0
19085,Iowa,41.68,-95.82,0
19087,Iowa,40.99,-91.54,0
19089,Iowa,43.36,-92.32,0
19091,Iowa,42.78,-94.21,0
19093,Iowa,42.39,-95.51,0
19095,Iowa,41.69,-92.06,0
19097,Iowa,42.17,-90.57,0
19099,Iowa,41.69,-93.06,1
19101,Iowa,41.03,-91.95,0
19103,Iowa,41.67,-91.59,5
19105,Iowa,42.12,-91.13,2
19107,Iowa,41.34,-92.18,0
19109,Iowa,43.20,-94.21,0
19111,Iowa,40.64,-91.48,1
19113,Iowa,42.08,-91.60,6
19115,Iowa,41.22,-91.26,0
19117,Iowa,41.03,-93.33,0
19119,Iowa,43.38,-96.21,0
19077,Iowa,41.68,-94.50,0
19121,Iowa,41.33,-94.02,1
19075,Iowa,42.40,-92.79,0
19071,Iowa,40.75,-95.60,0
19029,Iowa,41.33,-94.93,0
19031,Iowa,41.77,-91.13,0
19033,Iowa,43.08,-93.26,1
19035,Iowa,42.74,-95.62,0
19037,Iowa,43.06,-92.32,0
19039,Iowa,41.03,-93.78,0
19041,Iowa,43.08,-95.15,0
19043,Iowa,42.84,-91.34,0
19045,Iowa,41.90,-90.53,1
19047,Iowa,42.04,-95.38,0
19049,Iowa,41.69,-94.04,5
19051,Iowa,40.75,-92.41,0
19053,Iowa,40.74,-93.79,0
19055,Iowa,42.47,-91.37,0
19057,Iowa,40.92,-91.18,1
19059,Iowa,43.38,-95.15,0
19061,Iowa,42.47,-90.88,4
19063,Iowa,43.38,-94.68,0
19065,Iowa,42.86,-91.84,1
19067,Iowa,43.06,-92.79,0
19069,Iowa,42.73,-93.26,0
19073,Iowa,42.04,-94.40,0
19123,Iowa,41.34,-92.64,1
19125,Iowa,41.33,-93.10,1
19127,Iowa,42.04,-93.00,1
19181,Iowa,41.34,-93.56,3
19183,Iowa,41.34,-91.72,1
19185,Iowa,40.74,-93.33,0
19187,Iowa,42.43,-94.18,1
19189,Iowa,43.38,-93.73,0
19191,Iowa,43.29,-91.84,0
19193,Iowa,42.39,-96.05,3
19195,Iowa,43.38,-93.26,0
19197,Iowa,42.73,-93.74,0
20001,Kansas,37.89,-95.30,1
20003,Kansas,38.21,-95.29,0
20005,Kansas,39.53,-95.31,0
20007,Kansas,37.23,-98.68,0
20009,Kansas,38.48,-98.76,1
20011,Kansas,37.86,-94.85,1
20013,Kansas,39.83,-95.56,0
20015,Kansas,37.78,-96.84,6
20017,Kansas,38.30,-96.60,0
20019,Kansas,37.15,-96.25,0
20021,Kansas,37.17,-94.85,1
20023,Kansas,39.79,-101.73,0
19179,Iowa,41.03,-92.41,1
19177,Iowa,40.75,-91.95,0
19175,Iowa,41.03,-94.24,0
19173,Iowa,40.74,-94.70,0
19129,Iowa,41.03,-95.62,0
19131,Iowa,43.36,-92.79,0
19133,Iowa,42.05,-95.96,0
19135,Iowa,41.03,-92.87,0
19137,Iowa,41.03,-95.16,0
19139,Iowa,41.48,-91.11,1
19141,Iowa,43.08,-95.62,0
19143,Iowa,43.38,-95.62,0
19145,Iowa,40.74,-95.15,0
19147,Iowa,43.08,-94.68,0
19027,Iowa,42.04,-94.86,0
19149,Iowa,42.74,-96.21,0
19153,Iowa,41.69,-93.58,23
19155,Iowa,41.34,-95.54,3
19157,Iowa,41.69,-92.53,0
19159,Iowa,40.74,-94.24,0
19161,Iowa,42.39,-95.11,0
19163,Iowa,41.64,-90.62,7
19165,Iowa,41.69,-95.31,0
19167,Iowa,43.08,-96.18,1
19169,Iowa,42.04,-93.46,3
19171,Iowa,42.08,-92.53,0
19151,Iowa,42.73,-94.68,0
19025,Iowa,42.39,-94.64,0
21015,Kentucky,38.97,-84.73,12
20081,Kansas,37.56,-100.87,0
20083,Kansas,38.09,-99.90,0
20085,Kansas,39.42,-95.79,1
20087,Kansas,39.23,-95.38,1
20089,Kansas,39.78,-98.22,0
20091,Kansas,38.89,-94.82,41
20093,Kansas,38.00,-101.32,1
20095,Kansas,37.56,-98.14,0
20097,Kansas,37.56,-99.29,0
20099,Kansas,37.19,-95.30,2
20101,Kansas,38.48,-100.47,0
20103,Kansas,39.20,-95.04,4
20105,Kansas,39.05,-98.21,0
20107,Kansas,38.21,-94.84,0
20109,Kansas,38.92,-101.15,0
20111,Kansas,38.46,-96.15,1
20113,Kansas,38.39,-97.65,2
20115,Kansas,38.36,-97.10,1
20117,Kansas,39.78,-96.52,1
20119,Kansas,37.24,-100.36,0
20121,Kansas,38.56,-94.84,2
20079,Kansas,38.04,-97.43,3
20123,Kansas,39.39,-98.21,0
20077,Kansas,37.19,-98.08,0
20073,Kansas,37.88,-96.23,0
20031,Kansas,38.24,-95.73,0
20033,Kansas,37.19,-99.27,0
20035,Kansas,37.24,-96.84,3
20037,Kansas,37.51,-94.85,3
20039,Kansas,39.78,-100.46,0
20041,Kansas,38.87,-97.16,1
20043,Kansas,39.79,-95.14,0
20045,Kansas,38.89,-95.29,6
20047,Kansas,37.89,-99.31,0
20049,Kansas,37.45,-96.24,0
20051,Kansas,38.91,-99.32,0
20053,Kansas,38.70,-98.20,0
20055,Kansas,38.04,-100.74,1
20057,Kansas,37.69,-99.89,1
20059,Kansas,38.56,-95.29,2
20061,Kansas,39.00,-96.76,4
20063,Kansas,38.92,-100.48,0
20065,Kansas,39.35,-99.88,0
20067,Kansas,37.56,-101.31,0
20069,Kansas,37.74,-100.44,0
20071,Kansas,38.48,-101.81,0
20075,Kansas,38.00,-101.79,0
20125,Kansas,37.19,-95.74,3
20127,Kansas,38.69,-96.65,0
20129,Kansas,37.19,-101.80,0
20183,Kansas,39.79,-98.79,0
20185,Kansas,38.03,-98.72,0
20187,Kansas,37.56,-101.78,0
20189,Kansas,37.19,-101.31,0
20191,Kansas,37.24,-97.48,1
20193,Kansas,39.35,-101.06,0
20195,Kansas,38.91,-99.87,0
20197,Kansas,38.95,-96.20,0
20199,Kansas,38.92,-101.76,0
20201,Kansas,39.78,-97.09,0
20203,Kansas,38.48,-101.35,0
20205,Kansas,37.56,-95.74,0
20207,Kansas,37.89,-95.74,0
20209,Kansas,39.12,-94.76,10
21001,Kentucky,37.10,-85.28,0
21003,Kentucky,36.75,-86.19,1
21005,Kentucky,38.01,-84.99,1
21007,Kentucky,37.06,-88.99,0
21009,Kentucky,36.96,-85.93,3
21011,Kentucky,38.15,-83.75,0
21013,Kentucky,36.73,-83.68,2
20181,Kansas,39.35,-101.72,0
20179,Kansas,39.35,-100.44,0
20177,Kansas,39.04,-95.76,14
20175,Kansas,37.19,-100.85,0
20131,Kansas,39.78,-96.01,0
20133,Kansas,37.56,-95.31,1
20135,Kansas,38.48,-99.92,0
20137,Kansas,39.78,-99.90,0
20139,Kansas,38.65,-95.73,1
20141,Kansas,39.35,-98.77,0
20143,Kansas,39.13,-97.65,0
20145,Kansas,38.18,-99.24,0
20147,Kansas,39.78,-99.35,0
20149,Kansas,39.38,-96.35,1
20029,Kansas,39.48,-97.65,0
20151,Kansas,37.65,-98.74,0
20155,Kansas,37.95,-98.09,4
20157,Kansas,39.83,-97.65,0
20159,Kansas,38.35,-98.20,0
20161,Kansas,39.29,-96.73,4
20163,Kansas,39.35,-99.32,0
20165,Kansas,38.52,-99.31,0
20167,Kansas,38.91,-98.76,0
20169,Kansas,38.78,-97.65,4
20171,Kansas,38.48,-100.91,0
20173,Kansas,37.68,-97.46,41
20153,Kansas,39.79,-101.08,0
20027,Kansas,39.35,-97.17,0
21215,Kentucky,38.03,-85.33,1
21071,Kentucky,37.56,-82.75,3
21073,Kentucky,38.24,-84.88,2
21075,Kentucky,36.55,-89.20,0
21077,Kentucky,38.75,-84.86,0
21079,Kentucky,37.64,-84.53,1
21081,Kentucky,38.65,-84.62,1
21083,Kentucky,36.72,-88.65,4
21085,Kentucky,37.46,-86.34,1
21087,Kentucky,37.26,-85.55,0
21089,Kentucky,38.54,-82.92,3
21091,Kentucky,37.84,-86.78,1
21093,Kentucky,37.70,-85.96,7
21095,Kentucky,36.86,-83.22,2
21097,Kentucky,38.44,-84.33,2
21099,Kentucky,37.30,-85.88,1
21101,Kentucky,37.79,-87.57,3
21103,Kentucky,38.45,-85.12,0
21105,Kentucky,36.68,-88.98,0
21107,Kentucky,37.31,-87.55,3
21109,Kentucky,37.42,-84.00,1
21111,Kentucky,38.19,-85.66,53
21069,Kentucky,38.37,-83.70,0
21113,Kentucky,37.87,-84.58,3
21067,Kentucky,38.04,-84.46,23
21063,Kentucky,38.12,-83.10,0
21021,Kentucky,37.63,-84.86,3
21023,Kentucky,38.69,-84.09,0
21025,Kentucky,37.52,-83.32,0
21027,Kentucky,37.77,-86.43,1
21029,Kentucky,37.97,-85.69,4
21031,Kentucky,37.21,-86.69,1
21033,Kentucky,37.15,-87.87,1
21035,Kentucky,36.62,-88.27,3
21037,Kentucky,38.94,-84.38,8
21039,Kentucky,36.85,-88.97,0
21041,Kentucky,38.67,-85.13,1
21043,Kentucky,38.32,-83.05,1
21045,Kentucky,37.33,-84.93,0
21047,Kentucky,36.89,-87.49,5
21049,Kentucky,37.97,-84.15,2
21051,Kentucky,37.16,-83.71,2
21053,Kentucky,36.73,-85.13,1
21055,Kentucky,37.36,-88.09,0
21057,Kentucky,36.79,-85.39,0
21059,Kentucky,37.73,-87.09,9
21061,Kentucky,37.21,-86.24,0
21065,Kentucky,37.69,-83.96,0
21115,Kentucky,37.85,-82.83,1
21117,Kentucky,38.94,-84.53,15
21119,Kentucky,37.35,-82.95,0
21173,Kentucky,38.03,-83.91,2
21175,Kentucky,37.92,-83.26,6
21177,Kentucky,37.21,-87.15,2
21179,Kentucky,37.80,-85.47,4
21181,Kentucky,38.33,-84.02,0
21183,Kentucky,37.48,-86.85,2
21185,Kentucky,38.40,-85.45,11
21187,Kentucky,38.52,-84.82,0
21189,Kentucky,37.43,-83.69,0
21191,Kentucky,38.70,-84.36,0
21193,Kentucky,37.25,-83.23,1
21195,Kentucky,37.47,-82.39,5
21197,Kentucky,37.83,-83.83,0
21199,Kentucky,37.10,-84.58,5
21201,Kentucky,38.52,-84.05,0
21203,Kentucky,37.37,-84.31,1
21205,Kentucky,38.19,-83.42,1
21207,Kentucky,36.99,-85.06,1
21209,Kentucky,38.30,-84.58,3
21211,Kentucky,38.21,-85.19,3
21213,Kentucky,36.74,-86.58,1
21171,Kentucky,36.71,-85.72,0
21169,Kentucky,36.99,-85.63,0
21167,Kentucky,37.81,-84.87,3
21165,Kentucky,37.94,-83.60,0
21121,Kentucky,36.89,-83.85,2
21123,Kentucky,37.55,-85.70,0
21125,Kentucky,37.11,-84.11,5
21127,Kentucky,38.07,-82.73,1
21129,Kentucky,37.60,-83.72,0
21131,Kentucky,37.09,-83.38,0
21133,Kentucky,37.12,-82.85,1
21135,Kentucky,38.53,-83.38,0
21137,Kentucky,37.45,-84.66,1
21139,Kentucky,37.21,-88.35,0
21019,Kentucky,38.36,-82.69,4
21141,Kentucky,36.86,-86.88,1
21145,Kentucky,37.05,-88.70,3
21147,Kentucky,36.74,-84.48,1
21149,Kentucky,37.53,-87.27,0
21151,Kentucky,37.72,-84.27,6
21153,Kentucky,37.71,-83.07,0
21155,Kentucky,37.55,-85.27,1
21157,Kentucky,36.88,-88.33,2
21159,Kentucky,37.80,-82.51,0
21161,Kentucky,38.59,-83.82,1
21163,Kentucky,37.96,-86.21,1
21143,Kentucky,37.02,-88.08,0
21017,Kentucky,38.21,-84.22,1
24017,Maryland,38.51,-76.99,6
22031,Louisiana,32.05,-93.74,1
22033,Louisiana,30.54,-91.10,24
22035,Louisiana,32.74,-91.23,0
22037,Louisiana,30.84,-91.05,1
22039,Louisiana,30.73,-92.40,1
22041,Louisiana,32.14,-91.68,1
22043,Louisiana,31.60,-92.56,1
22045,Louisiana,29.87,-91.76,4
22047,Louisiana,30.26,-91.35,2
22049,Louisiana,32.30,-92.56,0
22051,Louisiana,29.74,-90.11,34
22053,Louisiana,30.27,-92.81,1
22055,Louisiana,30.20,-92.07,14
22057,Louisiana,29.52,-90.41,6
22059,Louisiana,31.68,-92.16,0
22061,Louisiana,32.60,-92.67,2
22063,Louisiana,30.44,-90.73,8
22065,Louisiana,32.37,-91.24,0
22067,Louisiana,32.82,-91.80,1
22069,Louisiana,31.72,-93.10,3
22071,Louisiana,30.07,-89.93,20
22029,Louisiana,31.45,-91.64,0
22073,Louisiana,32.48,-92.16,11
22027,Louisiana,32.82,-93.00,1
22023,Louisiana,29.88,-93.19,0
21221,Kentucky,36.81,-87.87,1
21223,Kentucky,38.61,-85.34,0
21225,Kentucky,37.66,-87.94,0
21227,Kentucky,37.00,-86.43,11
21229,Kentucky,37.76,-85.17,0
21231,Kentucky,36.80,-84.83,2
21233,Kentucky,37.52,-87.68,1
21235,Kentucky,36.76,-84.15,3
21237,Kentucky,37.74,-83.49,0
21239,Kentucky,38.04,-84.74,1
22001,Louisiana,30.30,-92.41,2
22003,Louisiana,30.65,-92.82,1
22005,Louisiana,30.20,-90.91,8
22007,Louisiana,29.90,-91.06,1
22009,Louisiana,31.08,-92.00,2
22011,Louisiana,30.65,-93.34,2
22013,Louisiana,32.35,-93.05,1
22015,Louisiana,32.68,-93.60,9
22017,Louisiana,32.58,-93.88,17
22019,Louisiana,30.23,-93.35,12
22021,Louisiana,32.09,-92.12,0
22025,Louisiana,31.67,-91.85,0
22075,Louisiana,29.42,-89.60,1
22077,Louisiana,30.71,-91.60,1
22079,Louisiana,31.20,-92.53,8
23005,Maine,43.84,-70.37,14
23007,Maine,44.97,-70.44,0
23009,Maine,44.60,-68.38,0
23011,Maine,44.41,-69.77,4
23013,Maine,44.11,-69.11,0
23015,Maine,44.06,-69.54,0
23017,Maine,44.50,-70.76,2
23019,Maine,45.40,-68.65,4
23021,Maine,45.84,-69.29,0
23023,Maine,43.95,-69.85,1
23025,Maine,45.51,-69.96,1
23027,Maine,44.49,-69.12,0
23029,Maine,45.02,-67.63,0
23031,Maine,43.48,-70.71,12
24001,Maryland,39.62,-78.69,2
24003,Maryland,39.01,-76.60,31
24005,Maryland,39.46,-76.63,30
24009,Maryland,38.54,-76.57,4
24011,Maryland,38.87,-75.83,1
24013,Maryland,39.56,-77.02,6
24015,Maryland,39.57,-75.95,4
23003,Maine,46.66,-68.60,2
23001,Maine,44.17,-70.20,6
22127,Louisiana,31.94,-92.64,0
22125,Louisiana,30.88,-91.41,0
22081,Louisiana,32.10,-93.34,0
22083,Louisiana,32.41,-91.77,1
22085,Louisiana,31.56,-93.55,1
22087,Louisiana,29.88,-89.52,3
22089,Louisiana,29.91,-90.36,4
22091,Louisiana,30.82,-90.71,0
22093,Louisiana,30.03,-90.80,1
22095,Louisiana,30.13,-90.48,2
22097,Louisiana,30.60,-92.00,4
22099,Louisiana,30.13,-91.61,3
21219,Kentucky,36.84,-87.18,0
22101,Louisiana,29.69,-91.45,2
22105,Louisiana,30.63,-90.41,6
22107,Louisiana,32.01,-91.33,0
22109,Louisiana,29.37,-90.83,7
22111,Louisiana,32.83,-92.37,1
22113,Louisiana,29.84,-92.30,3
22115,Louisiana,31.11,-93.18,1
22117,Louisiana,30.85,-90.04,2
22119,Louisiana,32.71,-93.33,3
22121,Louisiana,30.46,-91.31,1
22123,Louisiana,32.79,-91.46,0
22103,Louisiana,30.41,-89.96,22
21217,Kentucky,37.37,-85.33,2
26139,Michigan,42.96,-86.00,10
25023,Massachusetts,41.94,-70.81,42
25025,Massachusetts,42.33,-71.08,60
25027,Massachusetts,42.35,-71.90,60
26001,Michigan,44.68,-83.60,0
26003,Michigan,46.41,-86.60,0
26005,Michigan,42.59,-85.89,4
26007,Michigan,45.03,-83.62,1
26009,Michigan,45.00,-85.16,0
26011,Michigan,44.06,-83.89,0
26013,Michigan,46.67,-88.36,0
26015,Michigan,42.60,-85.31,2
26017,Michigan,43.71,-83.99,3
26019,Michigan,44.64,-86.02,0
26021,Michigan,41.95,-86.41,5
26023,Michigan,41.92,-85.06,2
26025,Michigan,42.25,-85.00,3
26027,Michigan,41.92,-85.99,2
26029,Michigan,45.38,-85.20,0
26031,Michigan,45.45,-84.50,0
26033,Michigan,46.30,-84.54,1
26035,Michigan,43.99,-84.85,0
25021,Massachusetts,42.16,-71.21,44
26037,Michigan,42.94,-84.60,3
25019,Massachusetts,41.29,-70.09,0
25015,Massachusetts,42.34,-72.66,6
24023,Maryland,39.53,-79.27,1
24025,Maryland,39.55,-76.31,9
24027,Maryland,39.25,-76.93,12
24029,Maryland,39.25,-76.05,1
24031,Maryland,39.14,-77.20,45
24033,Maryland,38.83,-76.85,47
24035,Maryland,39.06,-76.04,2
24037,Maryland,38.30,-76.61,4
24039,Maryland,38.12,-75.75,1
24041,Maryland,38.77,-76.11,1
24043,Maryland,39.61,-77.82,12
24045,Maryland,38.37,-75.63,5
24047,Maryland,38.21,-75.33,3
24510,Maryland,39.30,-76.61,23
25001,Massachusetts,41.73,-70.29,11
25003,Massachusetts,42.37,-73.21,6
25005,Massachusetts,41.79,-71.11,56
25007,Massachusetts,41.41,-70.69,0
25009,Massachusetts,42.67,-70.95,71
25011,Massachusetts,42.58,-72.59,1
25013,Massachusetts,42.13,-72.63,38
25017,Massachusetts,42.49,-71.39,96
26039,Michigan,44.68,-84.61,0
26041,Michigan,45.90,-86.91,0
26043,Michigan,46.01,-87.87,0
26097,Michigan,46.07,-85.05,0
26099,Michigan,42.69,-82.93,23
26101,Michigan,44.33,-86.06,0
26103,Michigan,46.43,-87.64,1
26105,Michigan,44.00,-86.25,0
26107,Michigan,43.64,-85.32,0
26109,Michigan,45.58,-87.55,0
26111,Michigan,43.64,-84.39,2
26113,Michigan,44.34,-85.09,0
26115,Michigan,41.93,-83.54,6
26117,Michigan,43.31,-85.15,1
26119,Michigan,45.03,-84.13,0
26121,Michigan,43.29,-86.15,3
26123,Michigan,43.55,-85.80,1
26125,Michigan,42.66,-83.39,35
26127,Michigan,43.64,-86.27,0
26129,Michigan,44.33,-84.13,0
26131,Michigan,46.67,-89.31,0
26133,Michigan,43.99,-85.33,0
26135,Michigan,44.68,-84.13,0
26137,Michigan,45.02,-84.60,0
26095,Michigan,46.47,-85.54,0
26093,Michigan,42.60,-83.91,6
26091,Michigan,41.89,-84.07,5
26089,Michigan,44.94,-85.80,0
26045,Michigan,42.60,-84.84,4
26047,Michigan,45.53,-84.89,0
26049,Michigan,43.02,-83.71,10
26051,Michigan,43.99,-84.39,0
26053,Michigan,46.41,-89.69,0
26055,Michigan,44.70,-85.56,3
26057,Michigan,43.29,-84.61,1
26059,Michigan,41.89,-84.59,2
26061,Michigan,46.90,-88.68,1
26063,Michigan,43.83,-83.04,1
24021,Maryland,39.47,-77.40,16
26065,Michigan,42.60,-84.37,8
26069,Michigan,44.35,-83.63,0
26071,Michigan,46.21,-88.53,0
26073,Michigan,43.64,-84.85,1
26075,Michigan,42.25,-84.42,4
26077,Michigan,42.25,-85.53,7
26079,Michigan,44.69,-85.09,0
26081,Michigan,43.03,-85.55,23
26083,Michigan,47.63,-88.41,0
26085,Michigan,43.99,-85.80,0
26087,Michigan,43.09,-83.22,2
26067,Michigan,42.95,-85.07,2
24019,Maryland,38.45,-76.03,2
27173,Minnesota,44.72,-95.87,0
27029,Minnesota,47.58,-95.38,0
27031,Minnesota,47.91,-90.53,0
27033,Minnesota,44.01,-95.18,0
27035,Minnesota,46.48,-94.07,1
27037,Minnesota,44.67,-93.06,14
27039,Minnesota,44.02,-92.86,0
27041,Minnesota,45.93,-95.45,1
27043,Minnesota,43.67,-93.95,0
27045,Minnesota,43.67,-92.09,0
27047,Minnesota,43.67,-93.35,2
27049,Minnesota,44.41,-92.72,2
27051,Minnesota,45.93,-96.01,0
27053,Minnesota,45.01,-93.48,35
27055,Minnesota,43.67,-91.49,0
27057,Minnesota,47.11,-94.92,0
27059,Minnesota,45.56,-93.29,0
27061,Minnesota,47.51,-93.63,0
27063,Minnesota,43.67,-95.15,0
27065,Minnesota,45.95,-93.29,0
27067,Minnesota,45.15,-95.01,0
27069,Minnesota,48.78,-96.78,0
27027,Minnesota,46.89,-96.49,1
27071,Minnesota,48.25,-93.78,0
27025,Minnesota,45.50,-92.91,1
27021,Minnesota,46.95,-94.33,0
26145,Michigan,43.33,-84.05,6
26147,Michigan,42.93,-82.68,4
26149,Michigan,41.91,-85.53,3
26151,Michigan,43.42,-82.82,1
26153,Michigan,46.19,-86.20,0
26155,Michigan,42.95,-84.15,2
26157,Michigan,43.47,-83.42,1
26159,Michigan,42.25,-86.02,2
26161,Michigan,42.25,-83.84,10
26163,Michigan,42.28,-83.28,44
26165,Michigan,44.34,-85.58,1
27001,Minnesota,46.61,-93.41,0
27003,Minnesota,45.27,-93.25,10
27005,Minnesota,46.93,-95.67,0
27007,Minnesota,47.97,-94.94,1
27009,Minnesota,45.70,-94.00,1
27011,Minnesota,45.43,-96.41,0
27013,Minnesota,44.04,-94.07,1
27015,Minnesota,44.24,-94.73,0
27017,Minnesota,46.59,-92.68,1
27019,Minnesota,44.82,-93.80,2
27023,Minnesota,45.02,-95.56,0
27073,Minnesota,45.00,-96.17,0
27075,Minnesota,47.64,-91.45,0
27077,Minnesota,48.77,-94.90,0
27131,Minnesota,44.35,-93.30,3
27133,Minnesota,43.67,-96.25,0
27135,Minnesota,48.78,-95.81,0
27137,Minnesota,47.60,-92.47,6
27139,Minnesota,44.65,-93.53,4
27141,Minnesota,45.44,-93.78,2
27143,Minnesota,44.58,-94.23,0
27145,Minnesota,45.55,-94.61,4
27147,Minnesota,44.02,-93.23,1
27149,Minnesota,45.59,-96.00,0
27151,Minnesota,45.28,-95.68,0
27153,Minnesota,46.07,-94.90,0
27155,Minnesota,45.77,-96.47,0
27157,Minnesota,44.28,-92.23,1
27159,Minnesota,46.59,-94.97,0
27161,Minnesota,44.02,-93.59,0
27163,Minnesota,45.04,-92.88,8
27165,Minnesota,43.98,-94.61,0
27167,Minnesota,46.36,-96.47,0
27169,Minnesota,43.99,-91.78,1
27171,Minnesota,45.17,-93.96,4
27129,Minnesota,44.73,-94.95,0
27127,Minnesota,44.41,-95.25,0
27125,Minnesota,47.87,-96.10,0
27123,Minnesota,45.02,-93.10,15
27079,Minnesota,44.37,-93.73,0
27081,Minnesota,44.41,-96.27,0
27083,Minnesota,44.41,-95.84,0
27085,Minnesota,44.82,-94.27,0
27087,Minnesota,47.33,-95.81,0
27089,Minnesota,48.36,-96.37,0
27091,Minnesota,43.67,-94.55,0
27093,Minnesota,45.12,-94.53,0
27095,Minnesota,45.94,-93.63,0
27097,Minnesota,46.01,-94.27,1
26143,Michigan,44.33,-84.61,0
27099,Minnesota,43.67,-92.75,1
27103,Minnesota,44.35,-94.25,0
27105,Minnesota,43.67,-95.75,0
27107,Minnesota,47.33,-96.46,0
27109,Minnesota,44.00,-92.40,6
27111,Minnesota,46.41,-95.71,1
27113,Minnesota,48.07,-96.04,0
27115,Minnesota,46.12,-92.74,1
27117,Minnesota,44.02,-96.26,0
27119,Minnesota,47.77,-96.40,0
27121,Minnesota,45.59,-95.44,0
27101,Minnesota,44.02,-95.76,0
26141,Michigan,45.34,-83.91,0
29035,Missouri,36.94,-90.96,0
28055,Mississippi,32.73,-90.97,0
28057,Mississippi,34.28,-88.36,1
28059,Mississippi,30.54,-88.64,9
28061,Mississippi,32.02,-89.12,1
28063,Mississippi,31.73,-91.04,0
28065,Mississippi,31.57,-89.83,0
28067,Mississippi,31.62,-89.17,6
28069,Mississippi,32.75,-88.64,0
28071,Mississippi,34.36,-89.48,3
28073,Mississippi,31.21,-89.51,4
28075,Mississippi,32.40,-88.66,5
28077,Mississippi,31.55,-90.11,0
28079,Mississippi,32.75,-89.52,1
28081,Mississippi,34.29,-88.68,6
28083,Mississippi,33.56,-90.30,2
28085,Mississippi,31.53,-90.45,2
28087,Mississippi,33.47,-88.44,5
28089,Mississippi,32.63,-90.04,5
28091,Mississippi,31.23,-89.82,2
28093,Mississippi,34.76,-89.50,2
28095,Mississippi,33.89,-88.48,2
28053,Mississippi,33.13,-90.52,0
28097,Mississippi,33.49,-89.62,0
28051,Mississippi,33.12,-90.09,0
28047,Mississippi,30.51,-89.12,15
28005,Mississippi,31.17,-90.81,0
28007,Mississippi,33.09,-89.58,1
28009,Mississippi,34.82,-89.19,0
28011,Mississippi,33.80,-90.87,3
28013,Mississippi,33.94,-89.34,1
28015,Mississippi,33.45,-89.92,0
28017,Mississippi,33.92,-88.95,1
28019,Mississippi,33.35,-89.25,0
28021,Mississippi,31.97,-90.91,0
28023,Mississippi,32.04,-88.69,1
28025,Mississippi,33.65,-88.78,1
28027,Mississippi,34.23,-90.60,2
28029,Mississippi,31.87,-90.45,1
28031,Mississippi,31.63,-89.55,1
28033,Mississippi,34.88,-89.99,13
28035,Mississippi,31.19,-89.26,4
28037,Mississippi,31.48,-90.90,0
28039,Mississippi,30.86,-88.64,1
28041,Mississippi,31.21,-88.64,0
28043,Mississippi,33.77,-89.80,1
28045,Mississippi,30.42,-89.49,4
28049,Mississippi,32.27,-90.44,12
28099,Mississippi,32.75,-89.12,2
28101,Mississippi,32.40,-89.12,1
28103,Mississippi,33.11,-88.57,0
28157,Mississippi,31.16,-91.31,0
28159,Mississippi,33.09,-89.03,0
28161,Mississippi,34.03,-89.71,0
28163,Mississippi,32.78,-90.40,1
29001,Missouri,40.19,-92.60,1
29003,Missouri,39.98,-94.80,0
29005,Missouri,40.43,-95.43,0
29007,Missouri,39.22,-91.84,0
29009,Missouri,36.71,-93.83,1
29011,Missouri,37.50,-94.35,0
29013,Missouri,38.25,-94.34,0
29015,Missouri,38.30,-93.29,0
29017,Missouri,37.32,-90.03,0
29019,Missouri,38.99,-92.31,7
29021,Missouri,39.66,-94.80,2
29023,Missouri,36.71,-90.40,1
29025,Missouri,39.66,-93.98,0
29027,Missouri,38.84,-91.92,1
29029,Missouri,38.02,-92.76,1
29031,Missouri,37.38,-89.68,2
29033,Missouri,39.43,-93.51,0
28155,Mississippi,33.61,-89.28,0
28153,Mississippi,31.64,-88.70,1
28151,Mississippi,33.28,-90.94,2
28149,Mississippi,32.36,-90.83,4
28105,Mississippi,33.42,-88.88,2
28107,Mississippi,34.36,-89.95,2
28109,Mississippi,30.77,-89.59,3
28111,Mississippi,31.17,-88.99,0
28113,Mississippi,31.18,-90.40,2
28115,Mississippi,34.23,-89.04,2
28117,Mississippi,34.62,-88.52,1
28119,Mississippi,34.25,-90.29,0
28121,Mississippi,32.26,-89.95,10
28123,Mississippi,32.41,-89.54,1
28003,Mississippi,34.88,-88.58,2
28125,Mississippi,32.88,-90.82,0
28129,Mississippi,32.02,-89.51,1
28131,Mississippi,30.79,-89.12,1
28133,Mississippi,33.60,-90.59,2
28135,Mississippi,33.95,-90.17,1
28137,Mississippi,34.65,-89.94,1
28139,Mississippi,34.77,-88.91,2
28141,Mississippi,34.74,-88.24,1
28143,Mississippi,34.65,-90.37,0
28145,Mississippi,34.49,-89.01,3
28147,Mississippi,31.15,-90.10,0
28127,Mississippi,31.91,-89.92,1
28001,Mississippi,31.48,-91.35,1
30005,Montana,48.43,-108.96,0
29091,Missouri,36.77,-91.89,1
29093,Missouri,37.55,-90.77,0
29095,Missouri,39.01,-94.35,17
29097,Missouri,37.20,-94.34,5
29099,Missouri,38.26,-90.54,12
29101,Missouri,38.75,-93.81,1
29103,Missouri,40.13,-92.15,0
29105,Missouri,37.66,-92.59,1
29107,Missouri,39.07,-93.78,1
29109,Missouri,37.11,-93.83,1
29111,Missouri,40.10,-91.72,0
29113,Missouri,39.05,-90.96,1
29115,Missouri,39.87,-93.11,0
29117,Missouri,39.78,-93.55,1
29119,Missouri,36.63,-94.35,0
29121,Missouri,39.83,-92.56,0
29123,Missouri,37.48,-90.35,0
29125,Missouri,38.16,-91.92,0
29127,Missouri,39.81,-91.62,1
29129,Missouri,40.42,-93.57,0
29131,Missouri,38.21,-92.43,1
29089,Missouri,39.14,-92.70,0
29133,Missouri,36.83,-89.30,0
29087,Missouri,40.10,-95.22,0
29083,Missouri,38.38,-93.79,0
29041,Missouri,39.51,-92.96,0
29043,Missouri,36.97,-93.19,4
29045,Missouri,40.41,-91.74,0
29047,Missouri,39.31,-94.42,4
29049,Missouri,39.60,-94.40,0
29051,Missouri,38.50,-92.28,2
29053,Missouri,38.84,-92.81,0
29055,Missouri,37.98,-91.31,1
29057,Missouri,37.43,-93.85,0
29059,Missouri,37.68,-93.02,0
29061,Missouri,39.96,-93.99,0
29063,Missouri,39.89,-94.40,0
29065,Missouri,37.61,-91.51,0
29067,Missouri,36.93,-92.50,0
29069,Missouri,36.27,-90.09,0
29071,Missouri,38.41,-91.08,5
29073,Missouri,38.44,-91.51,0
29075,Missouri,40.21,-94.41,0
29077,Missouri,37.26,-93.34,14
29079,Missouri,40.11,-93.57,0
29081,Missouri,40.36,-93.99,0
29085,Missouri,37.94,-93.32,0
29135,Missouri,38.64,-92.58,0
29137,Missouri,39.50,-92.00,0
29139,Missouri,38.94,-91.47,0
29195,Missouri,39.14,-93.20,1
29197,Missouri,40.47,-92.52,0
29199,Missouri,40.45,-92.15,0
29201,Missouri,37.06,-89.56,1
29203,Missouri,37.16,-91.40,0
29205,Missouri,39.80,-92.08,0
29207,Missouri,36.86,-89.94,0
29209,Missouri,36.75,-93.45,1
29211,Missouri,40.21,-93.11,0
29213,Missouri,36.65,-93.04,2
29215,Missouri,37.32,-91.97,0
29217,Missouri,37.85,-94.34,1
29219,Missouri,38.77,-91.16,1
29221,Missouri,37.96,-90.88,1
29223,Missouri,37.11,-90.46,0
29225,Missouri,37.28,-92.88,1
29227,Missouri,40.48,-94.42,0
29229,Missouri,37.27,-92.47,1
29510,Missouri,38.64,-90.24,11
30001,Montana,45.13,-112.90,0
30003,Montana,45.42,-107.49,0
29189,Missouri,38.64,-90.45,51
29187,Missouri,37.81,-90.48,3
29186,Missouri,37.89,-90.19,0
29185,Missouri,38.04,-93.78,0
29141,Missouri,38.42,-92.89,0
29143,Missouri,36.60,-89.66,0
29145,Missouri,36.91,-94.34,1
29147,Missouri,40.36,-94.88,1
29149,Missouri,36.69,-91.40,0
29151,Missouri,38.46,-91.86,0
29153,Missouri,36.65,-92.44,0
29155,Missouri,36.21,-89.79,0
29157,Missouri,37.71,-89.83,0
29159,Missouri,38.73,-93.28,2
29039,Missouri,37.72,-93.85,0
29161,Missouri,37.88,-91.79,1
29165,Missouri,39.38,-94.77,1
29167,Missouri,37.62,-93.40,1
29169,Missouri,37.82,-92.21,1
29171,Missouri,40.48,-93.02,0
29173,Missouri,39.53,-91.52,0
29175,Missouri,39.44,-92.50,0
29177,Missouri,39.35,-93.99,1
29179,Missouri,37.36,-90.97,0
29181,Missouri,36.65,-90.86,0
29183,Missouri,38.78,-90.67,17
29163,Missouri,39.34,-91.17,0
29037,Missouri,38.65,-94.35,4
31093,Nebraska,41.22,-98.52,0
30061,Montana,47.15,-115.00,0
30063,Montana,47.04,-113.92,4
30065,Montana,46.50,-108.39,0
30067,Montana,45.49,-110.53,0
30069,Montana,47.12,-108.25,0
30071,Montana,48.26,-107.91,0
30073,Montana,48.23,-112.23,0
30075,Montana,45.40,-105.64,0
30077,Montana,46.86,-112.94,0
30079,Montana,46.86,-105.38,0
30081,Montana,46.09,-114.12,1
30083,Montana,47.79,-104.56,0
30085,Montana,48.30,-105.01,0
30087,Montana,46.23,-106.73,0
30089,Montana,47.68,-115.13,0
30091,Montana,48.72,-104.50,0
30093,Montana,45.90,-112.66,1
30095,Montana,45.67,-109.40,0
30097,Montana,45.81,-109.94,0
30099,Montana,47.84,-112.24,0
30101,Montana,48.66,-111.69,0
30059,Montana,46.60,-110.89,0
30103,Montana,46.21,-107.27,0
30057,Montana,45.30,-111.92,0
30053,Montana,48.54,-115.40,1
30011,Montana,45.52,-104.54,0
30013,Montana,47.31,-111.35,2
30015,Montana,47.88,-110.44,0
30017,Montana,46.25,-105.57,0
30019,Montana,48.78,-105.55,0
30021,Montana,47.27,-104.89,0
30023,Montana,46.06,-113.07,0
30025,Montana,46.33,-104.42,0
30027,Montana,47.26,-109.22,0
30029,Montana,48.30,-114.05,4
30031,Montana,45.54,-111.17,7
30033,Montana,47.28,-107.00,0
30035,Montana,48.71,-112.99,0
30037,Montana,46.38,-109.18,0
30039,Montana,46.41,-113.44,0
30041,Montana,48.63,-110.11,0
30043,Montana,46.15,-112.09,0
30045,Montana,47.05,-110.27,0
30047,Montana,47.65,-114.09,1
30049,Montana,47.13,-112.39,3
30051,Montana,48.56,-111.02,0
30055,Montana,47.64,-105.79,0
30105,Montana,48.36,-106.67,0
30107,Montana,46.47,-109.85,0
30109,Montana,46.96,-104.25,0
31051,Nebraska,42.49,-96.87,0
31053,Nebraska,41.58,-96.66,2
31055,Nebraska,41.30,-96.15,30
31057,Nebraska,40.18,-101.69,0
31059,Nebraska,40.52,-97.60,0
31061,Nebraska,40.18,-98.95,0
31063,Nebraska,40.53,-100.39,0
31065,Nebraska,40.18,-99.91,0
31067,Nebraska,40.26,-96.69,0
31069,Nebraska,41.62,-102.33,0
31071,Nebraska,41.91,-98.99,0
31073,Nebraska,40.51,-99.83,0
31075,Nebraska,41.92,-101.74,0
31077,Nebraska,41.57,-98.52,0
31079,Nebraska,40.87,-98.50,3
31081,Nebraska,40.87,-98.02,0
31083,Nebraska,40.18,-99.40,0
31085,Nebraska,40.52,-101.06,0
31087,Nebraska,40.18,-101.04,0
31089,Nebraska,42.46,-98.78,0
31091,Nebraska,41.92,-101.14,0
31049,Nebraska,41.11,-102.33,0
31047,Nebraska,40.87,-99.82,0
31045,Nebraska,42.72,-103.13,0
31043,Nebraska,42.39,-96.57,1
30111,Montana,45.94,-108.27,4
31001,Nebraska,40.52,-98.50,1
31003,Nebraska,42.18,-98.07,0
31005,Nebraska,41.57,-101.70,0
31007,Nebraska,41.55,-103.71,0
31009,Nebraska,41.91,-99.98,0
31011,Nebraska,41.71,-98.07,0
31013,Nebraska,42.22,-103.09,0
31015,Nebraska,42.90,-98.76,0
31017,Nebraska,42.43,-99.93,0
30009,Montana,45.23,-109.03,0
31019,Nebraska,40.85,-99.08,1
31023,Nebraska,41.23,-97.13,0
31025,Nebraska,40.91,-96.14,1
31027,Nebraska,42.60,-97.25,0
31029,Nebraska,40.52,-101.70,0
31031,Nebraska,42.55,-101.12,0
31033,Nebraska,41.22,-102.99,0
31035,Nebraska,40.52,-98.05,0
31037,Nebraska,41.57,-97.09,0
31039,Nebraska,41.92,-96.79,0
31041,Nebraska,41.39,-99.73,0
31021,Nebraska,41.85,-96.33,0
30007,Montana,46.33,-111.50,0
35009,New Mexico,34.57,-103.35,2
31149,Nebraska,42.42,-99.45,0
31151,Nebraska,40.52,-97.14,0
31153,Nebraska,41.11,-96.11,9
31155,Nebraska,41.23,-96.64,1
31157,Nebraska,41.85,-103.71,2
31159,Nebraska,40.87,-97.14,0
31161,Nebraska,42.50,-102.41,0
31163,Nebraska,41.22,-98.98,0
31165,Nebraska,42.49,-103.76,0
31167,Nebraska,41.92,-97.19,0
31169,Nebraska,40.18,-97.60,0
31171,Nebraska,41.91,-100.56,0
31173,Nebraska,42.16,-96.54,0
31175,Nebraska,41.57,-98.98,0
31177,Nebraska,41.53,-96.22,1
31179,Nebraska,42.21,-97.12,0
31181,Nebraska,40.18,-98.50,0
31183,Nebraska,41.91,-98.53,0
31185,Nebraska,40.87,-97.60,0
32001,Nevada,39.58,-118.34,1
32003,Nevada,36.21,-115.01,169
31147,Nebraska,40.12,-95.72,0
32005,Nevada,38.91,-119.62,1
31145,Nebraska,40.18,-100.48,0
31141,Nebraska,41.57,-97.52,0
31099,Nebraska,40.51,-98.95,0
31101,Nebraska,41.20,-101.66,0
31103,Nebraska,42.88,-99.71,0
31105,Nebraska,41.20,-103.71,0
31107,Nebraska,42.64,-97.89,0
31109,Nebraska,40.78,-96.69,15
31111,Nebraska,41.05,-100.75,1
31113,Nebraska,41.57,-100.48,0
31115,Nebraska,41.91,-99.45,0
31117,Nebraska,41.57,-101.06,0
31119,Nebraska,41.92,-97.60,1
31121,Nebraska,41.17,-98.04,0
31123,Nebraska,41.72,-103.01,0
31125,Nebraska,41.40,-97.99,0
31127,Nebraska,40.39,-95.85,0
31129,Nebraska,40.18,-98.05,0
31131,Nebraska,40.65,-96.13,0
31133,Nebraska,40.13,-96.24,0
31135,Nebraska,40.85,-101.65,0
31137,Nebraska,40.51,-99.41,0
31139,Nebraska,42.26,-97.60,0
31143,Nebraska,41.19,-97.57,0
32007,Nevada,41.15,-115.36,1
32009,Nevada,37.78,-117.63,0
32011,Nevada,39.98,-116.27,0
34011,New Jersey,39.37,-75.11,11
34013,New Jersey,40.79,-74.25,46
34015,New Jersey,39.72,-75.14,20
34017,New Jersey,40.74,-74.08,48
34019,New Jersey,40.56,-74.91,6
34021,New Jersey,40.28,-74.70,18
34023,New Jersey,40.44,-74.41,55
34025,New Jersey,40.27,-74.22,49
34027,New Jersey,40.86,-74.55,28
34029,New Jersey,39.89,-74.28,47
34031,New Jersey,41.03,-74.30,27
34033,New Jersey,39.59,-75.35,4
34035,New Jersey,40.56,-74.62,16
34037,New Jersey,41.14,-74.69,10
34039,New Jersey,40.66,-74.31,34
34041,New Jersey,40.86,-75.00,6
35001,New Mexico,35.05,-106.67,31
35003,New Mexico,33.92,-108.40,0
35005,New Mexico,33.36,-104.47,4
35006,New Mexico,34.91,-108.00,1
35007,New Mexico,36.61,-104.65,0
34009,New Jersey,39.15,-74.80,5
34007,New Jersey,39.80,-74.96,31
34005,New Jersey,39.88,-74.67,28
34003,New Jersey,40.96,-74.07,51
32013,Nevada,41.41,-118.11,0
32015,Nevada,39.93,-117.04,0
32017,Nevada,37.64,-114.88,0
32019,Nevada,39.02,-119.19,1
32021,Nevada,38.54,-118.43,0
32023,Nevada,38.04,-116.47,2
32027,Nevada,40.44,-118.40,2
32029,Nevada,39.45,-119.53,0
32031,Nevada,40.67,-119.66,22
32033,Nevada,39.44,-114.90,0
31097,Nebraska,40.39,-96.27,0
32510,Nevada,39.16,-119.75,3
33003,New Hampshire,43.87,-71.20,1
33005,New Hampshire,42.92,-72.25,3
33007,New Hampshire,44.69,-71.31,1
33009,New Hampshire,43.94,-71.82,2
33011,New Hampshire,42.92,-71.72,29
33013,New Hampshire,43.30,-71.68,6
33015,New Hampshire,42.98,-71.13,18
33017,New Hampshire,43.29,-71.02,7
33019,New Hampshire,43.36,-72.22,2
34001,New Jersey,39.48,-74.66,22
33001,New Hampshire,43.52,-71.42,3
31095,Nebraska,40.18,-97.14,0
37021,North Carolina,35.61,-82.53,15
36001,New York,42.60,-73.98,25
36003,New York,42.26,-78.03,2
36005,New York,40.85,-73.86,109
36007,New York,42.16,-75.81,15
36009,New York,42.25,-78.68,4
36011,New York,42.91,-76.56,8
36013,New York,42.23,-79.37,10
36015,New York,42.14,-76.76,5
36017,New York,42.49,-75.61,2
36019,New York,44.75,-73.68,5
36021,New York,42.25,-73.63,4
36023,New York,42.60,-76.07,3
36025,New York,42.20,-74.97,1
36027,New York,41.76,-73.74,24
36029,New York,42.76,-78.73,57
36031,New York,44.12,-73.77,2
36033,New York,44.59,-74.30,2
36035,New York,43.11,-74.42,4
36037,New York,43.00,-78.19,5
36039,New York,42.28,-74.12,3
36041,New York,43.66,-74.50,0
35061,New Mexico,34.72,-106.81,3
36043,New York,43.42,-74.96,7
35059,New Mexico,36.48,-103.47,0
35055,New Mexico,36.58,-105.63,1
35015,New Mexico,32.47,-104.31,5
35017,New Mexico,32.74,-108.38,1
35019,New Mexico,34.86,-104.79,0
35021,New Mexico,35.86,-103.82,0
35023,New Mexico,31.91,-108.72,0
35025,New Mexico,32.79,-103.41,4
35027,New Mexico,33.75,-105.46,1
35028,New Mexico,35.87,-106.31,0
35029,New Mexico,32.18,-107.75,1
35031,New Mexico,35.58,-108.26,6
35033,New Mexico,36.01,-104.95,0
35035,New Mexico,32.61,-105.74,2
35037,New Mexico,35.10,-103.55,0
35039,New Mexico,36.51,-106.69,3
35041,New Mexico,34.02,-103.48,1
35043,New Mexico,35.69,-106.87,7
35045,New Mexico,36.51,-108.32,11
35047,New Mexico,35.48,-104.82,1
35049,New Mexico,35.51,-105.98,6
35051,New Mexico,33.13,-107.19,0
35053,New Mexico,34.01,-106.93,0
35057,New Mexico,34.64,-105.85,0
36045,New York,44.04,-75.95,7
36047,New York,40.64,-73.95,168
36049,New York,43.78,-75.45,3
36103,New York,40.88,-72.80,171
36105,New York,41.72,-74.76,3
36107,New York,42.17,-76.31,2
36109,New York,42.45,-76.47,3
36111,New York,41.89,-74.26,10
36113,New York,43.56,-73.84,4
36115,New York,43.31,-73.43,3
36117,New York,43.15,-77.03,5
36119,New York,41.16,-73.76,81
36121,New York,42.70,-78.22,4
36123,New York,42.64,-77.10,1
37001,North Carolina,36.04,-79.40,12
37003,North Carolina,35.92,-81.18,3
37005,North Carolina,36.49,-81.13,0
37007,North Carolina,34.97,-80.10,2
37009,North Carolina,36.43,-81.50,1
37011,North Carolina,36.08,-81.92,1
37013,North Carolina,35.49,-76.84,4
37015,North Carolina,36.07,-76.97,1
37017,North Carolina,34.61,-78.56,2
37019,North Carolina,34.07,-78.23,7
36101,New York,42.27,-77.38,6
36099,New York,42.78,-76.82,2
36097,New York,42.39,-76.88,1
36095,New York,42.59,-74.44,1
36051,New York,42.73,-77.78,4
36053,New York,42.92,-75.67,4
36055,New York,43.15,-77.69,55
36057,New York,42.90,-74.44,4
36059,New York,40.74,-73.59,143
36061,New York,40.77,-73.97,79
36063,New York,43.20,-78.75,19
36065,New York,43.24,-75.44,24
36067,New York,43.00,-76.20,34
36069,New York,42.85,-77.31,7
35013,New Mexico,32.35,-106.83,13
36071,New York,41.40,-74.30,29
36075,New York,43.43,-76.15,7
36077,New York,42.63,-75.03,2
36079,New York,41.43,-73.75,8
36081,New York,40.71,-73.82,176
36083,New York,42.71,-73.51,13
36085,New York,40.59,-74.15,53
36087,New York,41.15,-74.03,23
36089,New York,44.50,-75.07,8
36091,New York,43.11,-73.87,19
36093,New York,42.82,-74.05,14
36073,New York,43.25,-78.23,2
35011,New Mexico,34.34,-104.41,0
38021,North Dakota,46.11,-98.50,0
37077,North Carolina,36.30,-78.65,4
37079,North Carolina,35.49,-77.68,1
37081,North Carolina,36.08,-79.79,36
37083,North Carolina,36.26,-77.66,4
37085,North Carolina,35.37,-78.87,7
37087,North Carolina,35.55,-82.98,4
37089,North Carolina,35.34,-82.48,8
37091,North Carolina,36.36,-76.98,1
37093,North Carolina,35.02,-79.24,3
37095,North Carolina,35.42,-76.15,1
37097,North Carolina,35.81,-80.87,16
37099,North Carolina,35.29,-83.14,2
37101,North Carolina,35.52,-78.37,14
37103,North Carolina,35.02,-77.36,0
37105,North Carolina,35.48,-79.18,4
37107,North Carolina,35.24,-77.64,5
37109,North Carolina,35.49,-81.22,9
37111,North Carolina,35.68,-82.05,4
37113,North Carolina,35.15,-83.42,3
37115,North Carolina,35.85,-82.71,1
37117,North Carolina,35.84,-77.11,2
37075,North Carolina,35.35,-83.83,0
37119,North Carolina,35.24,-80.83,83
37073,North Carolina,36.45,-76.70,0
37069,North Carolina,36.08,-78.29,4
37027,North Carolina,35.95,-81.55,7
37029,North Carolina,36.34,-76.16,0
37031,North Carolina,34.89,-76.54,3
37033,North Carolina,36.39,-79.33,2
37035,North Carolina,35.66,-81.21,16
37037,North Carolina,35.70,-79.26,2
37039,North Carolina,35.13,-84.06,2
37041,North Carolina,36.13,-76.60,1
37043,North Carolina,35.06,-83.74,0
37045,North Carolina,35.34,-81.55,10
37047,North Carolina,34.27,-78.66,5
37049,North Carolina,35.12,-77.08,7
37051,North Carolina,35.05,-78.83,20
37053,North Carolina,36.36,-75.96,1
37055,North Carolina,35.67,-75.72,2
37057,North Carolina,35.79,-80.21,15
37059,North Carolina,35.93,-80.54,3
37061,North Carolina,34.93,-77.93,3
37063,North Carolina,36.04,-78.88,16
37065,North Carolina,35.91,-77.59,2
37067,North Carolina,36.13,-80.25,24
37071,North Carolina,35.29,-81.17,22
37121,North Carolina,36.01,-82.16,0
37123,North Carolina,35.33,-79.90,2
37125,North Carolina,35.31,-79.48,7
37179,North Carolina,34.99,-80.53,21
37181,North Carolina,36.37,-78.41,3
37183,North Carolina,35.79,-78.65,72
37185,North Carolina,36.40,-78.11,1
37187,North Carolina,35.84,-76.57,1
37189,North Carolina,36.23,-81.70,2
37191,North Carolina,35.36,-78.00,5
37193,North Carolina,36.21,-81.16,5
37195,North Carolina,35.71,-77.92,6
37197,North Carolina,36.16,-80.66,3
37199,North Carolina,35.90,-82.31,1
38001,North Dakota,46.10,-102.53,0
38003,North Dakota,46.94,-98.07,0
38005,North Dakota,48.07,-99.36,0
38007,North Dakota,47.02,-103.38,0
38009,North Dakota,48.79,-100.84,0
38011,North Dakota,46.11,-103.52,0
38013,North Dakota,48.79,-102.52,0
38015,North Dakota,46.98,-100.46,2
38017,North Dakota,46.93,-97.24,4
38019,North Dakota,48.77,-98.47,0
37177,North Carolina,35.87,-76.17,0
37175,North Carolina,35.20,-82.80,2
37173,North Carolina,35.49,-83.49,1
37171,North Carolina,36.42,-80.69,6
37127,North Carolina,35.97,-77.98,5
37129,North Carolina,34.26,-77.87,13
37131,North Carolina,36.42,-77.40,1
37133,North Carolina,34.73,-77.43,14
37135,North Carolina,36.06,-79.12,5
37137,North Carolina,35.15,-76.67,0
37139,North Carolina,36.27,-76.25,3
37141,North Carolina,34.52,-77.90,5
37143,North Carolina,36.18,-76.41,0
37145,North Carolina,36.39,-78.97,2
37025,North Carolina,35.39,-80.55,17
37147,North Carolina,35.60,-77.37,13
37151,North Carolina,35.71,-79.81,11
37153,North Carolina,35.00,-79.74,3
37155,North Carolina,34.64,-79.10,12
37157,North Carolina,36.40,-79.78,6
37159,North Carolina,35.64,-80.52,14
37161,North Carolina,35.40,-81.92,7
37163,North Carolina,34.99,-78.37,4
37165,North Carolina,34.84,-79.48,2
37167,North Carolina,35.32,-80.25,6
37169,North Carolina,36.40,-80.24,4
37149,North Carolina,35.28,-82.17,1
37023,North Carolina,35.75,-81.71,7
39115,Ohio,39.62,-81.85,0
38077,North Dakota,46.26,-96.95,0
38079,North Dakota,48.77,-99.84,0
38081,North Dakota,46.11,-97.63,0
38083,North Dakota,47.58,-100.34,0
38085,North Dakota,46.11,-101.04,0
38087,North Dakota,46.45,-103.46,0
38089,North Dakota,46.81,-102.66,0
38091,North Dakota,47.46,-97.73,0
38093,North Dakota,46.98,-98.96,0
38095,North Dakota,48.69,-99.25,0
38097,North Dakota,47.45,-97.16,0
38099,North Dakota,48.37,-97.73,0
38101,North Dakota,48.22,-101.54,1
38103,North Dakota,47.59,-99.66,0
38105,North Dakota,48.35,-103.48,2
39001,Ohio,38.85,-83.47,1
39003,Ohio,40.77,-84.11,7
39005,Ohio,40.85,-82.27,3
39007,Ohio,41.71,-80.75,3
39009,Ohio,39.33,-82.04,3
39011,Ohio,40.56,-84.22,2
38075,North Dakota,48.72,-101.66,0
39013,Ohio,40.02,-80.99,4
38073,North Dakota,46.46,-97.66,0
38069,North Dakota,48.25,-99.96,0
38027,North Dakota,47.72,-98.90,0
38029,North Dakota,46.28,-100.24,0
38031,North Dakota,47.46,-98.88,0
38033,North Dakota,46.94,-103.85,0
38035,North Dakota,47.92,-97.45,1
38037,North Dakota,46.36,-101.64,0
38039,North Dakota,47.46,-98.24,0
38041,North Dakota,46.43,-102.46,0
38043,North Dakota,46.98,-99.78,0
38045,North Dakota,46.46,-98.54,0
38047,North Dakota,46.46,-99.48,0
38049,North Dakota,48.23,-100.63,0
38051,North Dakota,46.11,-99.44,0
38053,North Dakota,47.74,-103.40,0
38055,North Dakota,47.61,-101.32,0
38057,North Dakota,47.31,-101.83,0
38059,North Dakota,46.72,-101.28,0
38061,North Dakota,48.20,-102.36,0
38063,North Dakota,47.92,-98.19,0
38065,North Dakota,47.12,-101.34,0
38067,North Dakota,48.77,-97.55,0
38071,North Dakota,48.27,-98.72,0
39015,Ohio,38.93,-83.87,3
39017,Ohio,39.44,-84.57,22
39019,Ohio,40.58,-81.09,2
39073,Ohio,39.50,-82.48,1
39075,Ohio,40.56,-81.93,1
39077,Ohio,41.15,-82.60,4
39079,Ohio,39.02,-82.62,2
39081,Ohio,40.39,-80.76,3
39083,Ohio,40.40,-82.42,3
39085,Ohio,41.70,-81.24,15
39087,Ohio,38.60,-82.53,4
39089,Ohio,40.09,-82.48,12
39091,Ohio,40.39,-83.77,3
39093,Ohio,41.30,-82.15,19
39095,Ohio,41.62,-83.65,25
39097,Ohio,39.89,-83.40,2
39099,Ohio,41.02,-80.77,11
39101,Ohio,40.59,-83.16,4
39103,Ohio,41.12,-81.90,10
39105,Ohio,39.09,-82.03,1
39107,Ohio,40.54,-84.63,1
39109,Ohio,40.05,-84.23,7
39111,Ohio,39.73,-81.08,1
39113,Ohio,39.75,-84.29,34
39071,Ohio,39.18,-83.60,3
39069,Ohio,41.33,-84.07,1
39067,Ohio,40.29,-81.09,0
39065,Ohio,40.66,-83.66,1
39021,Ohio,40.14,-83.77,2
39023,Ohio,39.92,-83.78,8
39025,Ohio,39.05,-84.15,17
39027,Ohio,39.41,-83.81,2
39029,Ohio,40.77,-80.78,5
39031,Ohio,40.30,-81.92,1
39033,Ohio,40.85,-82.92,2
39035,Ohio,41.42,-81.66,69
39037,Ohio,40.13,-84.62,2
39039,Ohio,41.32,-84.49,2
38025,North Dakota,47.35,-102.62,0
39041,Ohio,40.28,-83.00,14
39045,Ohio,39.75,-82.63,12
39047,Ohio,39.56,-83.46,2
39049,Ohio,39.97,-83.01,77
39051,Ohio,41.60,-84.13,2
39053,Ohio,38.83,-82.32,1
39055,Ohio,41.50,-81.18,4
39057,Ohio,39.69,-83.89,10
39059,Ohio,40.05,-81.49,2
39061,Ohio,39.20,-84.55,53
39063,Ohio,41.00,-83.67,4
39043,Ohio,41.37,-82.63,5
38023,North Dakota,48.81,-103.49,0
40139,Oklahoma,36.75,-101.49,1
39171,Ohio,41.56,-84.58,2
39173,Ohio,41.36,-83.62,9
39175,Ohio,40.84,-83.31,1
40001,Oklahoma,35.88,-94.66,3
40003,Oklahoma,36.73,-98.32,0
40005,Oklahoma,34.37,-96.04,1
40007,Oklahoma,36.75,-100.48,0
40009,Oklahoma,35.27,-99.68,1
40011,Oklahoma,35.88,-98.43,0
40013,Oklahoma,33.96,-96.26,4
40015,Oklahoma,35.17,-98.38,2
40017,Oklahoma,35.54,-97.98,13
40019,Oklahoma,34.25,-97.29,8
40021,Oklahoma,35.91,-95.00,5
40023,Oklahoma,34.03,-95.55,1
40025,Oklahoma,36.75,-102.52,0
40027,Oklahoma,35.20,-97.33,24
40029,Oklahoma,34.59,-96.30,0
40031,Oklahoma,34.66,-98.47,9
40033,Oklahoma,34.29,-98.37,0
40035,Oklahoma,36.76,-95.21,1
39169,Ohio,40.83,-81.89,5
40037,Oklahoma,35.90,-96.37,5
39167,Ohio,39.46,-81.49,4
39163,Ohio,39.25,-82.48,0
39121,Ohio,39.77,-81.46,0
39123,Ohio,41.54,-83.09,2
39125,Ohio,41.12,-84.58,1
39127,Ohio,39.74,-82.24,2
39129,Ohio,39.64,-83.02,5
39131,Ohio,39.08,-83.07,1
39133,Ohio,41.17,-81.20,9
39135,Ohio,39.74,-84.65,2
39137,Ohio,41.02,-84.13,2
39139,Ohio,40.77,-82.54,7
39141,Ohio,39.34,-83.06,4
39143,Ohio,41.36,-83.14,3
39145,Ohio,38.80,-82.99,5
39147,Ohio,41.12,-83.13,3
39149,Ohio,40.33,-84.20,3
39151,Ohio,40.81,-81.36,24
39153,Ohio,41.12,-81.53,31
39155,Ohio,41.32,-80.76,8
39157,Ohio,40.44,-81.47,5
39159,Ohio,40.30,-83.37,4
39161,Ohio,40.86,-84.59,1
39165,Ohio,39.43,-84.17,17
40039,Oklahoma,35.64,-99.00,3
40041,Oklahoma,36.41,-94.80,4
40043,Oklahoma,35.99,-99.01,0
40097,Oklahoma,36.30,-95.23,3
40099,Oklahoma,34.48,-97.07,2
40101,Oklahoma,35.61,-95.38,7
40103,Oklahoma,36.39,-97.23,0
40105,Oklahoma,36.80,-95.62,1
40107,Oklahoma,35.46,-96.33,1
40109,Oklahoma,35.55,-97.41,61
40111,Oklahoma,35.65,-95.96,2
40113,Oklahoma,36.63,-96.40,3
40115,Oklahoma,36.84,-94.81,2
40117,Oklahoma,36.32,-96.70,1
40119,Oklahoma,36.08,-96.98,6
40121,Oklahoma,34.92,-95.75,4
40123,Oklahoma,34.73,-96.68,4
40125,Oklahoma,35.21,-96.95,6
40127,Oklahoma,34.42,-95.38,1
40129,Oklahoma,35.69,-99.70,0
40131,Oklahoma,36.37,-95.60,9
40133,Oklahoma,35.16,-96.62,2
40135,Oklahoma,35.49,-94.75,4
40137,Oklahoma,34.49,-97.85,4
40095,Oklahoma,34.02,-96.77,2
40093,Oklahoma,36.31,-98.53,0
40091,Oklahoma,35.37,-95.67,1
40089,Oklahoma,34.12,-94.77,1
40045,Oklahoma,36.22,-99.75,0
40047,Oklahoma,36.38,-97.78,5
40049,Oklahoma,34.70,-97.31,3
40051,Oklahoma,35.02,-97.88,5
40053,Oklahoma,36.80,-97.79,0
40055,Oklahoma,34.94,-99.56,0
40057,Oklahoma,34.74,-99.85,0
40059,Oklahoma,36.79,-99.67,0
40061,Oklahoma,35.22,-95.12,0
40063,Oklahoma,35.05,-96.25,0
39119,Ohio,39.97,-81.94,7
40065,Oklahoma,34.59,-99.41,1
40069,Oklahoma,34.31,-96.66,1
40071,Oklahoma,36.82,-97.14,5
40073,Oklahoma,35.95,-97.94,2
40075,Oklahoma,34.92,-98.98,0
40077,Oklahoma,34.88,-95.25,0
40079,Oklahoma,34.90,-94.70,4
40081,Oklahoma,35.70,-96.88,2
40083,Oklahoma,35.92,-97.44,4
40085,Oklahoma,33.95,-97.24,1
40087,Oklahoma,35.01,-97.45,4
40067,Oklahoma,34.11,-97.83,0
39117,Ohio,40.52,-82.79,2
42113,Pennsylvania,41.45,-76.51,0
41041,Oregon,44.64,-123.87,0
41043,Oregon,44.49,-122.54,2
41045,Oregon,43.19,-117.62,1
41047,Oregon,44.90,-122.58,12
41049,Oregon,45.42,-119.58,0
41051,Oregon,45.55,-122.42,17
41053,Oregon,44.90,-123.41,2
41055,Oregon,45.42,-120.68,0
41057,Oregon,45.46,-123.71,0
41059,Oregon,45.59,-118.74,6
41061,Oregon,45.31,-118.01,0
41063,Oregon,45.58,-117.18,0
41065,Oregon,45.16,-121.17,0
41067,Oregon,45.56,-123.10,14
41069,Oregon,44.73,-120.03,0
41071,Oregon,45.23,-123.31,2
42001,Pennsylvania,39.87,-77.22,7
42003,Pennsylvania,40.47,-79.98,59
42005,Pennsylvania,40.82,-79.46,4
42007,Pennsylvania,40.68,-80.35,10
42009,Pennsylvania,40.01,-78.49,2
41039,Oregon,43.94,-122.85,7
42011,Pennsylvania,40.42,-75.92,29
41037,Oregon,42.79,-120.39,0
41033,Oregon,42.37,-123.56,3
40145,Oklahoma,35.96,-95.52,8
40147,Oklahoma,36.71,-95.91,3
40149,Oklahoma,35.29,-98.99,0
40151,Oklahoma,36.77,-98.87,0
40153,Oklahoma,36.42,-99.26,2
41001,Oregon,44.71,-117.67,0
41003,Oregon,44.49,-123.43,2
41005,Oregon,45.19,-122.22,8
41007,Oregon,46.00,-123.66,0
41009,Oregon,45.94,-123.09,1
41011,Oregon,43.17,-124.06,0
41013,Oregon,44.14,-120.36,0
41015,Oregon,42.46,-124.16,0
41017,Oregon,43.92,-121.23,5
41019,Oregon,43.28,-123.17,1
41021,Oregon,45.37,-120.20,0
41023,Oregon,44.49,-119.01,0
41025,Oregon,43.06,-118.97,0
41027,Oregon,45.52,-121.66,0
41029,Oregon,42.43,-122.73,5
41031,Oregon,44.63,-121.18,1
41035,Oregon,42.69,-121.65,2
42013,Pennsylvania,40.48,-78.35,8
42015,Pennsylvania,41.79,-76.52,3
42017,Pennsylvania,40.34,-75.11,32
42071,Pennsylvania,40.04,-76.25,34
42073,Pennsylvania,40.99,-80.33,4
42075,Pennsylvania,40.37,-76.46,10
42077,Pennsylvania,40.62,-75.59,28
42079,Pennsylvania,41.18,-75.98,18
42081,Pennsylvania,41.34,-77.07,7
42083,Pennsylvania,41.81,-78.56,3
42085,Pennsylvania,41.30,-80.26,5
42087,Pennsylvania,40.61,-77.61,3
42089,Pennsylvania,41.06,-75.34,9
42091,Pennsylvania,40.21,-75.37,42
42093,Pennsylvania,41.03,-76.66,1
42095,Pennsylvania,40.75,-75.30,22
42097,Pennsylvania,40.85,-76.71,7
42099,Pennsylvania,40.40,-77.26,2
42101,Pennsylvania,40.00,-75.14,57
42103,Pennsylvania,41.33,-75.03,2
42105,Pennsylvania,41.74,-77.90,1
42107,Pennsylvania,40.70,-76.22,13
42109,Pennsylvania,40.77,-77.07,2
42111,Pennsylvania,39.97,-79.03,6
42069,Pennsylvania,41.44,-75.60,13
42067,Pennsylvania,40.53,-77.40,1
42065,Pennsylvania,41.13,-79.00,2
42063,Pennsylvania,40.65,-79.09,3
42019,Pennsylvania,40.91,-79.91,13
42021,Pennsylvania,40.50,-78.71,7
42023,Pennsylvania,41.44,-78.20,0
42025,Pennsylvania,40.92,-75.71,6
42027,Pennsylvania,40.92,-77.82,7
42029,Pennsylvania,39.97,-75.75,21
42031,Pennsylvania,41.19,-79.42,1
42033,Pennsylvania,41.00,-78.48,6
42035,Pennsylvania,41.23,-77.64,2
42037,Pennsylvania,41.05,-76.41,5
40143,Oklahoma,36.12,-95.94,56
42039,Pennsylvania,41.68,-80.11,4
42043,Pennsylvania,40.41,-76.78,15
42045,Pennsylvania,39.92,-75.40,26
42047,Pennsylvania,41.43,-78.65,2
42049,Pennsylvania,41.99,-80.03,14
42051,Pennsylvania,39.92,-79.64,9
42053,Pennsylvania,41.51,-79.23,2
42055,Pennsylvania,39.93,-77.72,11
42057,Pennsylvania,39.93,-78.11,1
42059,Pennsylvania,39.86,-80.22,2
42061,Pennsylvania,40.42,-77.98,2
42041,Pennsylvania,40.16,-77.26,12
40141,Oklahoma,34.37,-98.92,0
46079,South Dakota,44.02,-97.13,0
45025,South Carolina,34.64,-80.16,3
45027,South Carolina,33.67,-80.22,2
45029,South Carolina,32.88,-80.68,2
45031,South Carolina,34.33,-79.96,8
45033,South Carolina,34.39,-79.38,4
45035,South Carolina,33.08,-80.41,14
45037,South Carolina,33.77,-81.96,2
45039,South Carolina,34.39,-81.12,1
45041,South Carolina,34.02,-79.70,17
45043,South Carolina,33.43,-79.33,5
45045,South Carolina,34.90,-82.37,67
45047,South Carolina,34.15,-82.13,6
45049,South Carolina,32.77,-81.14,1
45051,South Carolina,33.92,-79.00,29
45053,South Carolina,32.43,-81.02,1
45055,South Carolina,34.34,-80.59,5
45057,South Carolina,34.68,-80.71,8
45059,South Carolina,34.48,-82.00,6
45061,South Carolina,34.16,-80.26,1
45063,South Carolina,33.90,-81.27,28
45065,South Carolina,33.90,-82.31,0
45023,South Carolina,34.69,-81.16,3
45067,South Carolina,34.08,-79.36,3
45021,South Carolina,35.05,-81.62,5
45017,South Carolina,33.67,-80.78,1
42119,Pennsylvania,40.96,-77.06,4
42121,Pennsylvania,41.40,-79.76,3
42123,Pennsylvania,41.81,-79.27,2
42125,Pennsylvania,40.19,-80.25,13
42127,Pennsylvania,41.65,-75.30,3
42129,Pennsylvania,40.31,-79.47,21
42131,Pennsylvania,41.52,-76.01,0
42133,Pennsylvania,39.92,-76.73,29
44001,Rhode Island,41.71,-71.29,5
44003,Rhode Island,41.67,-71.58,13
44005,Rhode Island,41.56,-71.27,7
44007,Rhode Island,41.87,-71.58,62
44009,Rhode Island,41.46,-71.61,7
45001,South Carolina,34.22,-82.46,1
45003,South Carolina,33.54,-81.64,11
45005,South Carolina,32.99,-81.35,0
45007,South Carolina,34.52,-82.64,18
45009,South Carolina,33.22,-81.06,0
45011,South Carolina,33.27,-81.44,2
45013,South Carolina,32.39,-80.73,12
45015,South Carolina,33.20,-79.95,11
45019,South Carolina,32.82,-79.97,27
45069,South Carolina,34.60,-79.68,2
45071,South Carolina,34.29,-81.60,3
45073,South Carolina,34.75,-83.07,7
46037,South Dakota,45.37,-97.61,0
46039,South Dakota,44.76,-96.67,0
46041,South Dakota,45.16,-100.87,0
46043,South Dakota,43.39,-98.37,0
46045,South Dakota,45.42,-99.22,0
46047,South Dakota,43.24,-103.53,0
46049,South Dakota,45.07,-99.15,0
46051,South Dakota,45.17,-96.77,0
46053,South Dakota,43.19,-99.19,0
46055,South Dakota,44.29,-101.54,0
46057,South Dakota,44.67,-97.19,0
46059,South Dakota,44.55,-99.00,0
46061,South Dakota,43.67,-97.79,0
46063,South Dakota,45.58,-103.50,0
46065,South Dakota,44.39,-100.00,0
46067,South Dakota,43.33,-97.76,0
46069,South Dakota,44.55,-99.49,0
46071,South Dakota,43.69,-101.63,0
46073,South Dakota,44.07,-98.63,0
46075,South Dakota,43.96,-100.69,0
46077,South Dakota,44.37,-97.49,0
46035,South Dakota,43.67,-98.14,0
46033,South Dakota,43.68,-103.45,0
46031,South Dakota,45.71,-101.20,0
46029,South Dakota,44.98,-97.19,1
45075,South Carolina,33.44,-80.80,8
45077,South Carolina,34.89,-82.73,17
45079,South Carolina,34.02,-80.90,31
45081,South Carolina,34.01,-81.73,1
45083,South Carolina,34.93,-81.99,35
45085,South Carolina,33.92,-80.38,8
45087,South Carolina,34.69,-81.62,2
45089,South Carolina,33.62,-79.73,3
45091,South Carolina,34.97,-81.18,25
46003,South Dakota,43.72,-98.56,0
42117,Pennsylvania,41.77,-77.25,1
46005,South Dakota,44.41,-98.28,0
46009,South Dakota,42.99,-97.89,0
46011,South Dakota,44.37,-96.79,1
46013,South Dakota,45.59,-98.35,1
46015,South Dakota,43.72,-99.08,0
46017,South Dakota,44.08,-99.21,0
46019,South Dakota,44.91,-103.51,0
46021,South Dakota,45.77,-100.05,0
46023,South Dakota,43.21,-98.59,0
46025,South Dakota,44.86,-97.73,0
46027,South Dakota,42.91,-96.98,0
46007,South Dakota,43.19,-101.67,0
42115,Pennsylvania,41.82,-75.80,1
47145,Tennessee,35.85,-84.52,4
47001,Tennessee,36.13,-84.20,6
47003,Tennessee,35.51,-86.46,4
47005,Tennessee,36.07,-88.07,0
47007,Tennessee,35.60,-85.21,1
47009,Tennessee,35.69,-83.93,11
47011,Tennessee,35.16,-84.86,9
47013,Tennessee,36.40,-84.15,2
47015,Tennessee,35.81,-86.06,1
47017,Tennessee,35.97,-88.45,2
47019,Tennessee,36.29,-82.13,3
47021,Tennessee,36.26,-87.09,2
47023,Tennessee,35.43,-88.61,1
47025,Tennessee,36.48,-83.66,2
47027,Tennessee,36.55,-85.54,0
47029,Tennessee,35.93,-83.12,3
47031,Tennessee,35.49,-86.07,3
47033,Tennessee,35.82,-89.15,0
47035,Tennessee,35.95,-85.00,5
47037,Tennessee,36.17,-86.79,51
47039,Tennessee,35.60,-88.11,0
47041,Tennessee,35.98,-85.84,1
46137,South Dakota,44.98,-101.67,0
47043,Tennessee,36.15,-87.36,4
46135,South Dakota,43.01,-97.39,0
46127,South Dakota,42.83,-96.66,1
46085,South Dakota,43.90,-99.85,0
46087,South Dakota,43.67,-97.37,0
46089,South Dakota,45.77,-99.22,0
46091,South Dakota,45.76,-97.60,0
46093,South Dakota,44.57,-102.72,0
46095,South Dakota,43.58,-100.76,0
46097,South Dakota,44.02,-97.61,0
46099,South Dakota,43.67,-96.79,7
46101,South Dakota,44.02,-96.67,0
46102,South Dakota,43.34,-102.56,0
46103,South Dakota,44.00,-102.82,4
46105,South Dakota,45.49,-102.48,0
46107,South Dakota,45.07,-99.95,0
46109,South Dakota,45.63,-96.95,0
46111,South Dakota,44.02,-98.09,0
46115,South Dakota,44.94,-98.35,0
46117,South Dakota,44.41,-100.73,0
46119,South Dakota,44.72,-100.13,0
46121,South Dakota,43.19,-100.72,0
46123,South Dakota,43.34,-99.89,0
46125,South Dakota,43.31,-97.15,0
46129,South Dakota,45.43,-100.03,0
47045,Tennessee,36.06,-89.42,2
47047,Tennessee,35.20,-89.41,3
47049,Tennessee,36.38,-84.93,1
47103,Tennessee,35.14,-86.59,2
47105,Tennessee,35.74,-84.31,4
47107,Tennessee,35.43,-84.62,3
47109,Tennessee,35.17,-88.56,1
47111,Tennessee,36.53,-86.01,1
47113,Tennessee,35.61,-88.84,5
47115,Tennessee,35.13,-85.62,2
47117,Tennessee,35.46,-86.76,3
47119,Tennessee,35.62,-87.07,9
47121,Tennessee,35.52,-84.81,0
47123,Tennessee,35.45,-84.25,3
47125,Tennessee,36.50,-87.39,16
47127,Tennessee,35.28,-86.36,0
47129,Tennessee,36.13,-84.65,1
47131,Tennessee,36.36,-89.15,1
47133,Tennessee,36.34,-85.29,1
47135,Tennessee,35.64,-87.86,0
47137,Tennessee,36.56,-85.08,0
47139,Tennessee,35.12,-84.52,1
47141,Tennessee,36.14,-85.51,6
47143,Tennessee,35.61,-84.93,3
47101,Tennessee,35.53,-87.49,0
47099,Tennessee,35.22,-87.40,3
47097,Tennessee,35.76,-89.63,1
47095,Tennessee,36.34,-89.49,1
47051,Tennessee,35.16,-86.09,3
47053,Tennessee,35.99,-88.93,3
47055,Tennessee,35.20,-87.04,2
47057,Tennessee,36.27,-83.51,1
47059,Tennessee,36.17,-82.85,5
47061,Tennessee,35.38,-85.72,1
47063,Tennessee,36.22,-83.27,6
47065,Tennessee,35.18,-85.17,33
47067,Tennessee,36.53,-83.22,0
47069,Tennessee,35.21,-88.99,1
46083,South Dakota,43.28,-96.72,2
47071,Tennessee,35.20,-88.19,1
47075,Tennessee,35.58,-89.29,1
47077,Tennessee,35.66,-88.39,2
47079,Tennessee,36.33,-88.30,1
47081,Tennessee,35.81,-87.48,1
47083,Tennessee,36.29,-87.72,0
47085,Tennessee,36.04,-87.78,0
47087,Tennessee,36.36,-85.67,0
47089,Tennessee,36.05,-83.45,4
47091,Tennessee,36.46,-81.85,1
47093,Tennessee,36.00,-83.95,33
47073,Tennessee,36.44,-82.95,4
46081,South Dakota,44.36,-103.79,0
48155,Texas,33.97,-99.78,0
48011,Texas,34.97,-101.36,0
48013,Texas,28.89,-98.53,4
48015,Texas,29.89,-96.28,2
48017,Texas,34.07,-102.83,0
48019,Texas,29.75,-99.25,1
48021,Texas,30.10,-97.31,12
48023,Texas,33.62,-99.21,0
48025,Texas,28.42,-97.74,2
48027,Texas,31.04,-97.48,21
48029,Texas,29.45,-98.52,190
48031,Texas,30.27,-98.40,1
48033,Texas,32.74,-101.43,0
48035,Texas,31.90,-97.64,2
48037,Texas,33.45,-94.42,4
48039,Texas,29.19,-95.45,25
48041,Texas,30.66,-96.30,14
48043,Texas,29.81,-103.25,0
48045,Texas,34.53,-101.21,0
48047,Texas,27.03,-98.22,0
48049,Texas,31.77,-99.00,3
48051,Texas,30.49,-96.62,3
48009,Texas,33.62,-98.69,0
48053,Texas,30.79,-98.18,6
48007,Texas,28.11,-97.00,0
48003,Texas,32.30,-102.64,0
47151,Tennessee,36.42,-84.50,1
47153,Tennessee,35.37,-85.41,1
47155,Tennessee,35.78,-83.52,8
47157,Tennessee,35.19,-89.90,53
47159,Tennessee,36.25,-85.95,1
47161,Tennessee,36.50,-87.84,0
47163,Tennessee,36.51,-82.30,9
47165,Tennessee,36.47,-86.46,13
47167,Tennessee,35.50,-89.74,4
47169,Tennessee,36.39,-86.16,4
47171,Tennessee,36.11,-82.44,1
47173,Tennessee,36.29,-83.84,0
47175,Tennessee,35.70,-85.45,0
47177,Tennessee,35.67,-85.78,3
47179,Tennessee,36.29,-82.49,9
47181,Tennessee,35.24,-87.79,4
47183,Tennessee,36.30,-88.72,1
47185,Tennessee,35.93,-85.46,1
47187,Tennessee,35.89,-86.89,19
47189,Tennessee,36.15,-86.30,10
48001,Texas,31.82,-95.65,5
48005,Texas,31.25,-94.61,6
48055,Texas,29.84,-97.62,9
48057,Texas,28.47,-96.62,0
48059,Texas,32.30,-99.37,0
48113,Texas,32.77,-96.78,236
48115,Texas,32.74,-101.95,0
48117,Texas,34.97,-102.61,1
48119,Texas,33.39,-95.67,0
48121,Texas,33.21,-97.12,45
48123,Texas,29.08,-97.36,0
48125,Texas,33.62,-100.78,0
48127,Texas,28.42,-99.76,1
48129,Texas,34.97,-100.81,0
48131,Texas,27.68,-98.51,0
48133,Texas,32.33,-98.83,0
48135,Texas,31.87,-102.54,4
48137,Texas,29.98,-100.30,0
48139,Texas,32.35,-96.79,20
48141,Texas,31.77,-106.24,51
48143,Texas,32.24,-98.22,2
48145,Texas,31.25,-96.94,2
48147,Texas,33.60,-96.11,3
48149,Texas,29.88,-96.92,2
48151,Texas,32.74,-100.40,0
48153,Texas,34.07,-101.30,0
48111,Texas,36.28,-102.60,0
48109,Texas,31.45,-104.52,0
48107,Texas,33.61,-101.30,0
48105,Texas,30.72,-101.41,0
48061,Texas,26.15,-97.48,17
48063,Texas,32.97,-94.98,1
48065,Texas,35.40,-101.35,0
48067,Texas,33.07,-94.35,1
48069,Texas,34.53,-102.26,0
48071,Texas,29.71,-94.67,4
48073,Texas,31.84,-95.17,2
48075,Texas,34.53,-100.21,3
48077,Texas,33.79,-98.21,0
48079,Texas,33.60,-102.83,0
47149,Tennessee,35.85,-86.41,24
48081,Texas,31.89,-100.53,0
48085,Texas,33.19,-96.57,86
48087,Texas,34.96,-100.27,0
48089,Texas,29.62,-96.53,1
48091,Texas,29.81,-98.28,5
48093,Texas,31.95,-98.56,0
48095,Texas,31.33,-99.86,0
48097,Texas,33.64,-97.21,3
48099,Texas,31.39,-97.80,12
48101,Texas,34.08,-100.28,0
48103,Texas,31.43,-102.51,0
48083,Texas,31.77,-99.45,0
47147,Tennessee,36.52,-86.87,6
48355,Texas,27.74,-97.54,19
48211,Texas,35.84,-100.27,0
48213,Texas,32.21,-95.86,8
48215,Texas,26.39,-98.18,36
48217,Texas,31.99,-97.13,7
48219,Texas,33.61,-102.34,0
48221,Texas,32.43,-97.83,7
48223,Texas,33.15,-95.56,2
48225,Texas,31.32,-95.42,1
48227,Texas,32.31,-101.44,3
48229,Texas,31.46,-105.39,0
48231,Texas,33.12,-96.09,4
48233,Texas,35.84,-101.35,0
48235,Texas,31.30,-100.98,0
48237,Texas,33.23,-98.17,0
48239,Texas,28.95,-96.58,1
48241,Texas,30.75,-94.03,3
48243,Texas,30.71,-104.14,0
48245,Texas,29.88,-94.16,13
48247,Texas,27.04,-98.70,0
48249,Texas,27.73,-98.09,3
48251,Texas,32.38,-97.37,20
48209,Texas,30.06,-98.03,17
48253,Texas,32.74,-99.88,3
48207,Texas,33.18,-99.73,0
48203,Texas,32.55,-94.37,5
48161,Texas,31.70,-96.15,3
48163,Texas,28.87,-99.11,1
48165,Texas,32.74,-102.64,0
48167,Texas,29.40,-94.90,32
48169,Texas,33.18,-101.30,0
48171,Texas,30.32,-98.95,2
48173,Texas,31.87,-101.52,0
48175,Texas,28.66,-97.43,0
48177,Texas,29.46,-97.49,1
48179,Texas,35.40,-100.81,2
48181,Texas,33.63,-96.68,12
48183,Texas,32.48,-94.82,10
48185,Texas,30.55,-95.99,5
48187,Texas,29.58,-97.95,12
48189,Texas,34.07,-101.83,2
48191,Texas,34.53,-100.68,0
48193,Texas,31.70,-98.11,0
48195,Texas,36.28,-101.35,0
48197,Texas,34.29,-99.75,0
48199,Texas,30.33,-94.39,3
48201,Texas,29.86,-95.39,267
48205,Texas,35.84,-102.60,0
48255,Texas,28.91,-97.86,0
48257,Texas,32.60,-96.29,13
48259,Texas,29.94,-98.71,2
48313,Texas,30.97,-95.93,3
48315,Texas,32.80,-94.36,0
48317,Texas,32.31,-101.95,0
48319,Texas,30.72,-99.23,0
48321,Texas,28.82,-96.01,3
48323,Texas,28.74,-100.32,9
48325,Texas,29.36,-99.11,3
48327,Texas,30.89,-99.82,0
48329,Texas,31.87,-102.03,9
48331,Texas,30.79,-96.98,2
48333,Texas,31.50,-98.59,0
48335,Texas,32.31,-100.92,0
48337,Texas,33.68,-97.73,1
48339,Texas,30.30,-95.51,41
48341,Texas,35.84,-101.89,0
48343,Texas,33.11,-94.73,0
48345,Texas,34.07,-100.78,0
48347,Texas,31.62,-94.62,2
48349,Texas,32.05,-96.47,5
48351,Texas,30.79,-93.74,1
48353,Texas,32.30,-100.41,1
48311,Texas,28.35,-98.57,0
48309,Texas,31.55,-97.20,17
48307,Texas,31.19,-99.35,0
48305,Texas,33.18,-101.82,0
48261,Texas,26.93,-97.66,0
48263,Texas,33.18,-100.78,0
48265,Texas,30.06,-99.35,3
48267,Texas,30.49,-99.75,0
48269,Texas,33.62,-100.26,0
48271,Texas,29.35,-100.42,0
48273,Texas,27.42,-97.70,1
48275,Texas,33.61,-99.74,0
48277,Texas,33.67,-95.57,5
48279,Texas,34.07,-102.35,0
48159,Texas,33.18,-95.22,0
48281,Texas,31.20,-98.24,3
48285,Texas,29.39,-96.93,1
48287,Texas,30.31,-96.97,1
48289,Texas,31.30,-95.99,2
48291,Texas,30.15,-94.81,4
48293,Texas,31.55,-96.58,4
48295,Texas,36.28,-100.27,0
48297,Texas,28.35,-98.12,0
48299,Texas,30.71,-98.68,1
48301,Texas,31.85,-103.58,0
48303,Texas,33.61,-101.82,19
48283,Texas,28.34,-99.10,1
48157,Texas,29.53,-95.77,51
49047,Utah,40.12,-109.52,0
48411,Texas,31.16,-98.82,0
48413,Texas,30.90,-100.54,0
48415,Texas,32.75,-100.92,1
48417,Texas,32.74,-99.35,0
48419,Texas,31.79,-94.15,1
48421,Texas,36.28,-101.89,0
48423,Texas,32.37,-95.27,15
48425,Texas,32.22,-97.77,0
48427,Texas,26.56,-98.74,7
48429,Texas,32.74,-98.84,0
48431,Texas,31.83,-101.05,0
48433,Texas,33.18,-100.25,0
48435,Texas,30.50,-100.54,0
48437,Texas,34.53,-101.73,0
48439,Texas,32.77,-97.29,235
48441,Texas,32.30,-99.89,13
48443,Texas,30.22,-102.08,0
48445,Texas,33.17,-102.34,0
48447,Texas,33.18,-99.21,0
48449,Texas,33.21,-94.97,3
48451,Texas,31.40,-100.46,11
48409,Texas,28.01,-97.52,4
48453,Texas,30.33,-97.79,63
48407,Texas,30.58,-95.16,1
48403,Texas,31.34,-93.85,0
48361,Texas,30.12,-93.89,4
48363,Texas,32.75,-98.31,2
48365,Texas,32.16,-94.31,1
48367,Texas,32.78,-97.81,16
48369,Texas,34.53,-102.78,0
48371,Texas,30.78,-102.72,0
48373,Texas,30.79,-94.83,2
48375,Texas,35.40,-101.89,5
48377,Texas,30.00,-104.24,0
48379,Texas,32.87,-95.79,0
48381,Texas,34.97,-101.90,6
48383,Texas,31.37,-101.52,0
48385,Texas,29.83,-99.82,0
48387,Texas,33.62,-95.05,0
48389,Texas,31.32,-103.69,1
48391,Texas,28.32,-97.16,0
48393,Texas,35.84,-100.81,0
48395,Texas,31.03,-96.51,3
48397,Texas,32.90,-96.41,11
48399,Texas,31.83,-99.98,1
48401,Texas,32.11,-94.76,2
48405,Texas,31.39,-94.17,0
48455,Texas,31.09,-95.14,0
48457,Texas,30.77,-94.38,2
48459,Texas,32.74,-94.94,3
49005,Utah,41.72,-111.74,0
49007,Utah,39.65,-110.59,0
49009,Utah,40.89,-109.51,0
49011,Utah,40.99,-112.11,26
49013,Utah,40.30,-110.43,0
49015,Utah,39.00,-110.70,0
49017,Utah,37.85,-111.44,0
49019,Utah,38.98,-109.57,0
49021,Utah,37.86,-113.29,0
49023,Utah,39.70,-112.78,0
49025,Utah,37.29,-111.89,0
49027,Utah,39.07,-113.10,0
49029,Utah,41.09,-111.57,0
49031,Utah,38.34,-112.12,0
49033,Utah,41.63,-111.24,0
49035,Utah,40.67,-111.92,84
49037,Utah,37.63,-109.80,1
49039,Utah,39.37,-111.58,0
49041,Utah,38.75,-111.81,0
49043,Utah,40.87,-110.95,5
49045,Utah,40.45,-113.13,5
49003,Utah,41.52,-113.08,0
49001,Utah,38.36,-113.23,0
48507,Texas,28.87,-99.76,1
48505,Texas,27.00,-99.17,2
48461,Texas,31.37,-102.04,0
48463,Texas,29.36,-99.76,4
48465,Texas,29.89,-101.15,9
48467,Texas,32.56,-95.84,3
48469,Texas,28.80,-96.97,4
48471,Texas,30.74,-95.57,5
48473,Texas,30.01,-95.99,3
48475,Texas,31.51,-103.09,1
48477,Texas,30.21,-96.41,7
48479,Texas,27.76,-99.33,44
48359,Texas,35.40,-102.60,0
48481,Texas,29.28,-96.22,3
48485,Texas,33.99,-98.70,13
48487,Texas,34.08,-99.24,1
48489,Texas,26.47,-97.62,1
48491,Texas,30.65,-97.60,45
48493,Texas,29.17,-98.09,3
48495,Texas,31.85,-103.05,0
48497,Texas,33.22,-97.65,6
48499,Texas,32.79,-95.38,3
48501,Texas,33.17,-102.83,0
48503,Texas,33.18,-98.69,1
48483,Texas,35.40,-100.27,0
48357,Texas,36.28,-100.82,0
51169,Virginia,36.71,-82.60,1
51017,Virginia,38.06,-79.74,0
51019,Virginia,37.31,-79.53,7
51021,Virginia,37.13,-81.14,0
51023,Virginia,37.56,-79.81,2
51025,Virginia,36.76,-77.86,1
51027,Virginia,37.27,-82.04,0
51029,Virginia,37.57,-78.53,1
51031,Virginia,37.21,-79.10,5
51033,Virginia,38.03,-77.35,1
51035,Virginia,36.73,-80.73,1
51036,Virginia,37.35,-77.06,0
51037,Virginia,37.02,-78.66,0
51041,Virginia,37.37,-77.59,20
51043,Virginia,39.11,-77.99,0
51045,Virginia,37.48,-80.21,0
51047,Virginia,38.48,-77.96,2
51049,Virginia,37.51,-78.24,0
51051,Virginia,37.13,-82.35,0
51053,Virginia,37.08,-77.63,1
51057,Virginia,37.93,-76.94,0
51059,Virginia,38.84,-77.28,57
51015,Virginia,38.16,-79.12,5
51061,Virginia,38.74,-77.81,4
51013,Virginia,38.88,-77.10,10
51009,Virginia,37.60,-79.15,3
49053,Utah,37.28,-113.50,0
49055,Utah,38.32,-110.91,0
49057,Utah,41.27,-111.91,0
50001,Vermont,44.03,-73.14,1
50003,Vermont,43.04,-73.09,1
50005,Vermont,44.47,-72.10,0
50007,Vermont,44.46,-73.08,5
50009,Vermont,44.73,-71.74,0
50011,Vermont,44.86,-72.91,0
50013,Vermont,44.80,-73.30,0
50015,Vermont,44.60,-72.64,0
50017,Vermont,44.00,-72.38,0
50019,Vermont,44.83,-72.25,0
50021,Vermont,43.58,-73.04,1
50023,Vermont,44.27,-72.62,0
50025,Vermont,42.99,-72.71,1
50027,Vermont,43.58,-72.59,1
51001,Virginia,37.77,-75.63,2
51003,Virginia,38.02,-78.55,4
51005,Virginia,37.79,-80.00,1
51007,Virginia,37.34,-77.99,1
51011,Virginia,37.38,-78.81,1
51063,Virginia,36.93,-80.37,0
51065,Virginia,37.84,-78.28,1
51067,Virginia,37.00,-79.88,3
51121,Virginia,37.18,-80.38,3
51125,Virginia,37.79,-78.88,0
51127,Virginia,37.51,-77.00,1
51131,Virginia,37.34,-75.88,0
51133,Virginia,37.89,-76.42,0
51135,Virginia,37.14,-78.05,1
51137,Virginia,38.25,-78.02,2
51139,Virginia,38.62,-78.49,2
51141,Virginia,36.68,-80.29,0
51143,Virginia,36.82,-79.40,5
51145,Virginia,37.55,-77.91,1
51147,Virginia,37.23,-78.44,1
51149,Virginia,37.18,-77.23,2
51153,Virginia,38.71,-77.49,35
51155,Virginia,37.06,-80.71,2
51157,Virginia,38.68,-78.16,0
51159,Virginia,37.94,-76.73,1
51161,Virginia,37.27,-80.06,6
51163,Virginia,37.81,-79.45,1
51165,Virginia,38.51,-78.87,6
51167,Virginia,36.93,-82.10,1
51119,Virginia,37.63,-76.55,0
51117,Virginia,36.68,-78.36,1
51115,Virginia,37.44,-76.34,0
51113,Virginia,38.42,-78.28,0
51069,Virginia,39.20,-78.26,6
51071,Virginia,37.31,-80.71,1
51073,Virginia,37.41,-76.54,2
51075,Virginia,37.72,-77.90,1
51077,Virginia,36.66,-81.23,0
51079,Virginia,38.30,-78.47,1
51081,Virginia,36.68,-77.56,0
51083,Virginia,36.77,-78.94,3
51085,Virginia,37.76,-77.49,7
51087,Virginia,37.53,-77.39,21
49051,Utah,40.33,-111.17,3
51089,Virginia,36.69,-79.88,3
51093,Virginia,36.91,-76.71,2
51095,Virginia,37.31,-76.77,5
51097,Virginia,37.71,-76.89,0
51099,Virginia,38.27,-77.16,1
51101,Virginia,37.71,-77.09,0
51103,Virginia,37.72,-76.46,0
51105,Virginia,36.71,-83.13,2
51107,Virginia,39.09,-77.63,16
51109,Virginia,37.98,-77.96,2
51111,Virginia,36.95,-78.24,0
51091,Virginia,38.36,-79.56,0
49049,Utah,40.12,-111.67,65
54017,West Virginia,39.27,-80.71,0
51640,Virginia,36.67,-80.92,0
51650,Virginia,37.04,-76.36,9
51660,Virginia,38.44,-78.88,3
51670,Virginia,37.29,-77.30,2
51678,Virginia,37.78,-79.44,0
51680,Virginia,37.40,-79.20,6
51683,Virginia,38.75,-77.49,2
51685,Virginia,38.77,-77.44,0
51690,Virginia,36.68,-79.86,1
51700,Virginia,37.08,-76.52,11
51710,Virginia,36.90,-76.26,13
51720,Virginia,36.93,-82.63,0
51730,Virginia,37.21,-77.39,3
51735,Virginia,37.14,-76.36,0
51740,Virginia,36.86,-76.36,7
51750,Virginia,37.12,-80.56,1
51760,Virginia,37.53,-77.48,12
51770,Virginia,37.28,-79.96,5
51775,Virginia,37.28,-80.06,2
51790,Virginia,38.16,-79.06,2
51800,Virginia,36.70,-76.64,5
51630,Virginia,38.30,-77.49,1
51810,Virginia,36.73,-76.05,34
51620,Virginia,36.68,-76.94,0
51600,Virginia,38.85,-77.30,0
51175,Virginia,36.72,-77.11,2
51177,Virginia,38.19,-77.66,7
51179,Virginia,38.42,-77.46,8
51181,Virginia,37.12,-76.88,0
51183,Virginia,36.92,-77.26,0
51185,Virginia,37.12,-81.57,2
51187,Virginia,38.91,-78.20,2
51191,Virginia,36.72,-81.96,4
51193,Virginia,38.11,-76.80,1
51195,Virginia,36.97,-82.62,2
51197,Virginia,36.92,-81.08,1
51199,Virginia,37.24,-76.54,3
51510,Virginia,38.81,-77.08,8
51520,Virginia,36.62,-82.16,1
51530,Virginia,37.73,-79.35,0
51540,Virginia,38.04,-78.49,2
51550,Virginia,36.68,-76.31,20
51570,Virginia,37.26,-77.40,1
51580,Virginia,37.78,-79.99,0
51590,Virginia,36.58,-79.40,4
51595,Virginia,36.69,-77.53,0
51610,Virginia,38.88,-77.18,0
51820,Virginia,38.06,-78.90,2
51830,Virginia,37.28,-76.71,0
51840,Virginia,39.17,-78.17,1
53053,Washington,47.04,-122.14,28
53055,Washington,48.60,-122.97,0
53057,Washington,48.48,-121.77,2
53059,Washington,46.02,-121.92,0
53061,Washington,48.05,-121.72,20
53063,Washington,47.62,-117.40,28
53065,Washington,48.40,-117.85,0
53067,Washington,46.93,-122.83,5
53069,Washington,46.29,-123.43,0
53071,Washington,46.23,-118.48,3
53073,Washington,48.82,-121.75,7
53075,Washington,46.90,-117.52,1
53077,Washington,46.46,-120.74,17
54001,West Virginia,39.13,-80.00,1
54003,West Virginia,39.47,-78.02,10
54005,West Virginia,38.02,-81.70,1
54007,West Virginia,38.70,-80.72,2
54009,West Virginia,40.27,-80.58,2
54011,West Virginia,38.42,-82.24,6
54013,West Virginia,38.84,-81.12,0
54015,West Virginia,38.46,-81.08,0
53051,Washington,48.53,-117.27,0
53049,Washington,46.55,-123.73,0
53047,Washington,48.55,-119.74,1
53045,Washington,47.35,-123.19,2
53001,Washington,46.98,-118.56,0
53003,Washington,46.19,-117.20,0
53005,Washington,46.24,-119.51,9
53007,Washington,47.87,-120.62,3
53009,Washington,48.05,-123.92,0
53011,Washington,45.78,-122.48,15
53013,Washington,46.29,-117.91,0
53015,Washington,46.19,-122.68,4
53017,Washington,47.74,-119.69,1
53019,Washington,48.47,-118.52,0
51173,Virginia,36.84,-81.53,2
53021,Washington,46.53,-118.90,5
53025,Washington,47.21,-119.45,4
53027,Washington,47.14,-123.78,2
53029,Washington,48.15,-122.52,0
53031,Washington,47.75,-123.56,0
53033,Washington,47.49,-121.83,58
53035,Washington,47.63,-122.64,4
53037,Washington,47.13,-120.68,1
53039,Washington,45.87,-120.79,0
53041,Washington,46.58,-122.39,2
53043,Washington,47.58,-118.42,0
53023,Washington,46.43,-117.55,0
51171,Virginia,38.86,-78.57,3
55105,Wisconsin,42.67,-89.07,8
54073,West Virginia,39.37,-81.17,0
54075,West Virginia,38.33,-80.01,0
54077,West Virginia,39.47,-79.67,3
54079,West Virginia,38.51,-81.91,3
54081,West Virginia,37.77,-81.25,5
54083,West Virginia,38.77,-79.88,4
54085,West Virginia,39.18,-81.06,0
54087,West Virginia,38.72,-81.35,0
54089,West Virginia,37.65,-80.86,1
54091,West Virginia,39.34,-80.04,1
54093,West Virginia,39.11,-79.57,0
54095,West Virginia,39.47,-80.89,0
54097,West Virginia,38.89,-80.24,1
54099,West Virginia,38.15,-82.42,2
54101,West Virginia,38.49,-80.42,0
54103,West Virginia,39.61,-80.64,1
54105,West Virginia,39.03,-81.37,0
54107,West Virginia,39.21,-81.52,6
54109,West Virginia,37.61,-81.55,1
55001,Wisconsin,43.97,-89.77,0
55003,Wisconsin,46.32,-90.68,0
54071,West Virginia,38.68,-79.35,1
55005,Wisconsin,45.42,-91.85,2
54069,West Virginia,40.10,-80.62,3
54065,West Virginia,39.55,-78.26,0
54023,West Virginia,39.10,-79.19,0
54025,West Virginia,37.95,-80.45,3
54027,West Virginia,39.32,-78.61,1
54029,West Virginia,40.52,-80.57,2
54031,West Virginia,39.01,-78.86,1
54033,West Virginia,39.29,-80.38,5
54035,West Virginia,38.84,-81.68,1
54037,West Virginia,39.31,-77.86,3
54039,West Virginia,38.34,-81.53,9
54041,West Virginia,38.99,-80.50,1
54043,West Virginia,38.17,-82.07,1
54045,West Virginia,37.83,-81.94,2
54047,West Virginia,37.38,-81.65,0
54049,West Virginia,39.51,-80.24,5
54051,West Virginia,39.86,-80.67,2
54053,West Virginia,38.77,-82.03,1
54055,West Virginia,37.40,-81.11,4
54057,West Virginia,39.42,-78.94,1
54059,West Virginia,37.73,-82.13,1
54061,West Virginia,39.63,-80.05,6
54063,West Virginia,37.56,-80.55,0
54067,West Virginia,38.30,-80.80,1
55007,Wisconsin,46.53,-91.20,0
55009,Wisconsin,44.45,-88.00,13
55011,Wisconsin,44.38,-91.75,1
55065,Wisconsin,42.66,-90.13,0
55067,Wisconsin,45.26,-89.07,0
55069,Wisconsin,45.34,-89.73,1
55071,Wisconsin,44.12,-87.81,3
55073,Wisconsin,44.90,-89.76,5
55075,Wisconsin,45.39,-88.03,1
55077,Wisconsin,43.82,-89.40,0
55078,Wisconsin,45.00,-88.71,0
55079,Wisconsin,43.00,-87.97,44
55081,Wisconsin,43.95,-90.62,2
55083,Wisconsin,45.03,-88.27,1
55085,Wisconsin,45.71,-89.52,1
55087,Wisconsin,44.42,-88.47,10
55089,Wisconsin,43.38,-87.95,4
55091,Wisconsin,44.58,-92.00,0
55093,Wisconsin,44.72,-92.42,1
55095,Wisconsin,45.46,-92.44,2
55097,Wisconsin,44.48,-89.50,2
55099,Wisconsin,45.68,-90.36,0
55101,Wisconsin,42.75,-88.06,10
55103,Wisconsin,43.38,-90.43,0
55063,Wisconsin,43.91,-91.11,5
55061,Wisconsin,44.52,-87.61,1
55059,Wisconsin,42.58,-88.04,9
55057,Wisconsin,43.92,-90.11,1
55013,Wisconsin,45.86,-92.37,0
55015,Wisconsin,44.08,-88.22,2
55017,Wisconsin,45.07,-91.28,3
55019,Wisconsin,44.73,-90.61,1
55021,Wisconsin,43.46,-89.34,2
55023,Wisconsin,43.24,-90.93,1
55025,Wisconsin,43.07,-89.42,18
55027,Wisconsin,43.42,-88.71,3
55029,Wisconsin,44.96,-87.30,1
55031,Wisconsin,46.43,-91.92,2
54021,West Virginia,38.93,-80.86,0
55033,Wisconsin,44.95,-91.90,2
55037,Wisconsin,45.85,-88.40,0
55039,Wisconsin,43.75,-88.49,4
55041,Wisconsin,45.67,-88.77,0
55043,Wisconsin,42.87,-90.71,2
55045,Wisconsin,42.68,-89.60,1
55047,Wisconsin,43.80,-89.05,0
55049,Wisconsin,43.00,-90.13,0
55051,Wisconsin,46.26,-90.24,0
55053,Wisconsin,44.32,-90.81,0
55055,Wisconsin,43.02,-88.78,4
55035,Wisconsin,44.73,-91.29,5
54019,West Virginia,38.03,-81.08,2
56045,Wyoming,43.84,-104.57,0
56001,Wyoming,41.65,-105.72,1
55141,Wisconsin,44.46,-90.04,2
55139,Wisconsin,44.07,-88.64,7
55137,Wisconsin,44.11,-89.24,0
55135,Wisconsin,44.47,-88.97,2
55133,Wisconsin,43.02,-88.30,22
55131,Wisconsin,43.37,-88.23,6
55129,Wisconsin,45.90,-91.79,0
55127,Wisconsin,42.67,-88.54,5
55125,Wisconsin,46.05,-89.52,1
55123,Wisconsin,43.59,-90.83,0
55121,Wisconsin,44.30,-91.36,1
55119,Wisconsin,45.21,-90.50,0
55117,Wisconsin,43.72,-87.95,5
55115,Wisconsin,44.79,-88.76,1
55113,Wisconsin,45.88,-91.15,2
55111,Wisconsin,43.43,-89.95,2
56003,Wyoming,44.52,-108.00,0
55109,Wisconsin,45.03,-92.45,3
56005,Wyoming,44.25,-105.55,1
56009,Wyoming,42.97,-105.51,0
56043,Wyoming,43.90,-107.68,0
56041,Wyoming,41.29,-110.55,1
56039,Wyoming,43.94,-110.59,3
56037,Wyoming,41.66,-108.88,1
56035,Wyoming,42.77,-109.91,0
56033,Wyoming,44.79,-106.89,1
56031,Wyoming,42.13,-104.97,0
56029,Wyoming,44.52,-109.59,2
56027,Wyoming,43.06,-104.48,0
56025,Wyoming,42.96,-106.80,3
56023,Wyoming,42.26,-110.66,0
56021,Wyoming,41.31,-104.69,4
56019,Wyoming,44.04,-106.58,0
56017,Wyoming,43.72,-108.44,0
56015,Wyoming,42.09,-104.35,0
56013,Wyoming,43.04,-108.63,1
56011,Wyoming,44.59,-104.57,0
56007,Wyoming,41.69,-106.93,0
55107,Wisconsin,45.47,-91.13,0
